url,filename,number,backdropNaming1,backdropNaming2,backdropNaming3,backdropNaming4,backdropNaming5,backdropNaming6
,birdygethem.sb3,0,N/A,N/A,N/A,N/A,N/A,N/A
,GAME SUMMERS TIRABASSI.sb3,2,backdrop1,backdrop2,N/A,N/A,N/A,N/A
,Cloud collectors .sb3,0,N/A,N/A,N/A,N/A,N/A,N/A
,ocean climate .sb3,1,backdrop1,N/A,N/A,N/A,N/A,N/A
,Deforestation.sb3,1,backdrop1,N/A,N/A,N/A,N/A,N/A
,Roy_ A Life Well Lived.sb3,0,N/A,N/A,N/A,N/A,N/A,N/A
,snowflake collect.sb3,1,backdrop1,N/A,N/A,N/A,N/A,N/A
,Lumberjack Attack.sb3,1,backdrop1,N/A,N/A,N/A,N/A,N/A
,Harsh Tree Why Me..sb3,0,N/A,N/A,N/A,N/A,N/A,N/A
,Temperature Changes.sb3,0,N/A,N/A,N/A,N/A,N/A,N/A
,Co2 Collector.sb3,0,N/A,N/A,N/A,N/A,N/A,N/A
,Save Snows and Pennys Home! (Multiplayer).sb3,1,backdrop2,N/A,N/A,N/A,N/A,N/A
,Trees vs CO2.sb3,0,N/A,N/A,N/A,N/A,N/A,N/A
,Chasing CO2.sb3,1,backdrop1,N/A,N/A,N/A,N/A,N/A
,Deflecting UV Rays.sb3,1,backdrop1,N/A,N/A,N/A,N/A,N/A
,✨ Cow Fartopia ✨ [DEMO].sb3,1,backdrop3,N/A,N/A,N/A,N/A,N/A
,capture the CO2.sb3,1,backdrop1,N/A,N/A,N/A,N/A,N/A
,climate change Co2.sb3,1,backdrop1,N/A,N/A,N/A,N/A,N/A
,Co2 Clouds Game.sb3,0,N/A,N/A,N/A,N/A,N/A,N/A
,COLLECT THE CO2            .sb3,1,backdrop1,N/A,N/A,N/A,N/A,N/A
,♥crazy cows♥.sb3,0,N/A,N/A,N/A,N/A,N/A,N/A
,climate change game.sb3,1,backdrop1,N/A,N/A,N/A,N/A,N/A
,reducing co2 maze by madi and paige.sb3,1,backdrop1,N/A,N/A,N/A,N/A,N/A
,Catch the Monkey.sb3,1,backdrop1,N/A,N/A,N/A,N/A,N/A
,Co2 Game.sb3,0,N/A,N/A,N/A,N/A,N/A,N/A
,Impacts on wildlife.sb3,1,backdrop1,N/A,N/A,N/A,N/A,N/A
,Oxygen VS CO2-Climate Change.sb3,0,N/A,N/A,N/A,N/A,N/A,N/A
,A Day of Choices  .sb3,0,N/A,N/A,N/A,N/A,N/A,N/A
,Deforestation (1).sb3,6,backdrop1,backdrop2,backdrop3,backdrop4,backdrop5,backdrop6
,Time Is Fuel.sb3,1,backdrop1,N/A,N/A,N/A,N/A,N/A
,Ocean CO2 .sb3,1,backdrop1,N/A,N/A,N/A,N/A,N/A
,Cloud Chaser.sb3,2,backdrop1,backdrop2,N/A,N/A,N/A,N/A
,Global Warming_ The Game.sb3,0,N/A,N/A,N/A,N/A,N/A,N/A
,Scuba dive to save the world.sb3,0,N/A,N/A,N/A,N/A,N/A,N/A
