url,filename,points,Abstraction,Parallelism,Logic,Synchronization,Flow control,User interactivity,Data representation,Math operators,Motion operators,DuplicateScripts,DeadCode,SpriteNaming,BackdropNaming,Error,dashboard_mode,Van points,Van Abstraction,Van Parallelism,Van Logic,Van Synchronization,Van Flow control,Van User interactivity,Van Data representation,tot_blocks
,Happy Fishing!.sb3,14,1,4,0,3,2,2,2,0,0,0,0,5,2,None,Default,13,1,3,0,3,2,2,2,244
,birdygethem.sb3,18,1,1,1,2,4,1,4,2,2,0,1,0,0,None,Default,12,1,1,1,2,3,1,3,173
,PLANTING TREES.sb3,20,1,4,1,3,2,2,4,2,1,0,2,2,1,None,Default,15,1,3,1,3,2,2,3,62
,GAME SUMMERS TIRABASSI.sb3,19,1,2,1,2,2,4,3,0,4,0,3,0,2,None,Default,14,1,2,1,2,2,3,3,90
,Climate change game-jassec.sb3,26,1,4,4,3,2,2,4,2,4,24,15,0,2,None,Default,17,1,3,3,3,2,2,3,363
,Edie Bella Animation Challenge.sb3,6,1,1,0,1,1,1,1,0,0,0,0,0,1,None,Default,6,1,1,0,1,1,1,1,34
,Nawal Noia and Alena.sb3,11,3,0,1,0,1,2,1,0,3,0,0,1,2,None,Default,8,3,0,1,0,1,2,1,40
,Furnace Wiz (Official Deluxe Edition).sb3,23,4,3,1,3,3,2,4,2,1,0,0,1,1,None,Default,18,3,3,1,3,3,2,3,144
,Patrick and Sawyer Climate Game.sb3,22,3,4,1,4,2,4,1,0,3,10,13,0,1,None,Default,16,3,3,1,3,2,3,1,416
,Tetris  game.sb3,32,3,4,4,4,3,4,4,2,4,2,0,2,2,None,Default,21,3,3,3,3,3,3,3,255
,Jonas Kaden BETA.sb3,23,1,4,2,3,2,2,4,2,3,0,9,0,0,None,Default,16,1,3,2,3,2,2,3,248
,Co2 vs. shellfish.sb3,23,1,4,1,3,2,2,4,2,4,5,0,1,0,None,Default,15,1,3,1,3,2,2,3,413
,Albedo Project.sb3,18,1,1,1,1,4,2,4,2,2,2,0,1,1,None,Default,12,1,1,1,1,3,2,3,71
,The Greenhouse Effect.sb3,22,1,4,1,3,2,2,4,2,3,0,1,5,0,None,Default,15,1,3,1,3,2,2,3,145
,Car Bike Atmosphere.sb3,19,1,1,1,3,2,2,4,2,3,0,2,1,1,None,Default,13,1,1,1,3,2,2,3,606
,Falling Fruit Fiesta.sb3,22,1,4,1,3,4,2,4,2,1,3,3,0,0,None,Default,16,1,3,1,3,3,2,3,319
,What Should you do?.sb3,14,1,4,0,3,1,2,2,0,1,0,1,14,1,None,Default,12,1,3,0,3,1,2,2,184
,Roberto and Ethan  -.sb3,21,3,2,0,3,2,2,4,2,3,0,3,1,1,None,Default,15,3,2,0,3,2,2,3,163
,Isaiah and Nelson's Project.sb3,27,2,4,4,3,2,3,4,2,3,0,8,5,0,None,Default,19,2,3,3,3,2,3,3,239
,Loggers.sb3,21,1,4,1,3,4,2,4,2,0,0,0,0,3,None,Default,16,1,3,1,3,3,2,3,87
,Factory Game remix.sb3,22,1,4,1,3,2,2,4,2,3,0,0,0,0,None,Default,15,1,3,1,3,2,2,3,741
,albedo melting ice.sb3,0,0,0,0,0,0,0,0,0,0,0,0,1,1,None,Default,0,0,0,0,0,0,0,0,0
,Farmer Joe's Adventures (Annie and Josh).sb3,24,2,4,1,3,3,2,4,2,3,0,0,1,3,None,Default,17,2,3,1,3,3,2,3,210
,co2 game.sb3,19,1,4,1,3,2,2,4,2,0,0,2,0,2,None,Default,15,1,3,1,3,2,2,3,319
,Yum Project.sb3,19,1,4,1,3,2,2,4,2,0,0,0,0,1,None,Default,15,1,3,1,3,2,2,3,166
,save the polar bears.sb3,24,4,4,1,3,2,2,4,2,2,0,1,1,0,None,Default,17,3,3,1,3,2,2,3,102
,Joe and Aidan climate change slingshot thingy.sb3,35,4,4,4,3,4,4,4,4,4,4,36,5,4,None,Default,21,3,3,3,3,3,3,3,848
,Lumberjack simulator.sb3,22,3,4,1,2,1,2,4,2,3,0,3,1,1,None,Default,15,3,3,1,2,1,2,3,413
,beat the heat.sb3,22,1,4,1,3,2,2,4,2,3,0,0,5,3,None,Default,15,1,3,1,3,2,2,3,96
,Stop Global Warming_(2).sb3,28,1,4,4,4,3,2,4,2,4,13,0,16,3,None,Default,18,1,3,3,3,3,2,3,1027
,Save The Ocean: A Crab Game.sb3,27,1,4,1,3,4,2,4,4,4,2,4,8,1,None,Default,16,1,3,1,3,3,2,3,484
,Climate Change Mario.sb3,29,3,4,4,3,3,2,4,2,4,0,1,0,3,None,Default,20,3,3,3,3,3,2,3,264
,Save the Sky.sb3,32,4,3,4,3,4,4,4,2,4,0,0,2,1,None,Default,21,3,3,3,3,3,3,3,268
,Overloading Our Carbon Reservoirs.sb3,21,1,4,1,3,2,2,4,2,2,16,0,0,0,None,Default,15,1,3,1,3,2,2,3,380
,plants help the enviroment.sb3,19,1,4,1,3,2,2,3,0,3,0,0,0,0,None,Default,15,1,3,1,3,2,2,3,441
,The Water Cycle (Lucy & Celia).sb3,25,4,4,1,3,2,2,4,2,3,4,0,2,0,None,Default,17,3,3,1,3,2,2,3,287
,Isabel and Masha.sb3,20,1,4,1,3,2,2,4,2,1,0,0,24,2,None,Default,15,1,3,1,3,2,2,3,356
,Factories Taking Over The Atmosphere.sb3,17,1,2,0,3,2,2,4,2,1,35,0,11,1,None,Default,13,1,2,0,3,2,2,3,549
,Talia Celia.sb3,21,1,4,2,3,2,2,4,2,1,0,4,0,1,None,Default,16,1,3,2,3,2,2,3,333
,Yinyao Duan.sb3,17,1,1,1,0,4,2,4,1,3,0,1,3,1,None,Default,11,1,1,1,0,3,2,3,32
,Dat Boi Gets Around.sb3,23,1,4,4,4,2,2,4,2,0,8,0,0,0,None,Default,17,1,3,3,3,2,2,3,392
,CO2 Stopper Copter.sb3,27,1,3,2,3,4,4,4,2,4,0,7,4,1,None,Default,18,1,3,2,3,3,3,3,340
,Save the earth.sb3,22,2,3,1,3,2,2,4,2,3,0,2,0,1,None,Default,16,2,3,1,3,2,2,3,214
,Save the Polor Bear.sb3,13,1,3,1,3,2,2,1,0,0,0,0,0,0,None,Default,13,1,3,1,3,2,2,1,0
,Dumphy-Manfredi Boris Scratch Project.sb3,21,1,4,4,3,1,2,4,2,0,0,0,6,0,None,Default,16,1,3,3,3,1,2,3,304
,tree game.sb3,19,1,4,1,3,2,2,4,2,0,2,0,3,1,None,Default,15,1,3,1,3,2,2,3,95
,Untitled-2.sb3,18,1,1,1,2,2,1,4,2,4,0,14,1,0,None,Default,11,1,1,1,2,2,1,3,233
,Global Warming: The Game.sb3,24,1,4,1,3,3,2,4,2,4,0,1,2,0,None,Default,16,1,3,1,3,3,2,3,139
,Soccer Game.sb3,20,1,1,2,3,1,2,4,2,4,0,0,0,0,None,Default,13,1,1,2,3,1,2,3,131
,Climate Change Project.sb3,20,1,2,1,3,2,2,4,2,3,0,3,20,4,None,Default,14,1,2,1,3,2,2,3,644
,CO2 Crusher.sb3,24,4,4,1,3,3,2,4,2,1,0,1,1,1,None,Default,18,3,3,1,3,3,2,3,80
,Mark Jeremy.sb3,12,1,4,0,3,1,2,1,0,0,0,0,1,0,None,Default,11,1,3,0,3,1,2,1,155
,Zampieri Zucchero Project.sb3,21,1,4,1,3,3,2,4,2,1,0,0,1,0,None,Default,16,1,3,1,3,3,2,3,439
,CARBON CLICKING (Arjun the other one was screwed up so I made a new one).sb3,27,4,3,1,3,4,2,4,2,4,0,1,3,3,None,Default,18,3,3,1,3,3,2,3,152
,Untitled_(2).sb3,15,1,2,1,3,2,2,2,0,2,2,2,1,0,None,Default,13,1,2,1,3,2,2,2,203
,Climate Change Game_(2).sb3,26,4,4,1,3,4,2,4,2,2,0,1,0,0,None,Default,18,3,3,1,3,3,2,3,172
,DO NOT PLAY THIS GAME. PLAY THE OTHER ONE!.sb3,21,3,4,1,3,2,4,1,0,3,5,13,2,0,None,Default,16,3,3,1,3,2,3,1,217
,Water Levels-LilyStaceyHenri.sb3,19,1,4,1,3,3,2,2,0,3,0,0,0,0,None,Default,15,1,3,1,3,3,2,2,205
,Scratch Trivia Game remix.sb3,18,1,4,1,2,2,2,4,2,0,2,0,2,0,None,Default,14,1,3,1,2,2,2,3,216
,Pool Day.sb3,19,1,4,1,3,3,2,2,0,3,0,0,0,0,None,Default,15,1,3,1,3,3,2,2,284
,Pollution Game.sb3,16,1,4,0,3,1,2,2,0,3,0,0,6,0,None,Default,12,1,3,0,3,1,2,2,145
,Abby and Grace's project.sb3,22,1,4,0,3,3,2,4,2,3,0,0,0,0,None,Default,15,1,3,0,3,3,2,3,323
,Drive the Planet to an End.sb3,22,1,4,1,3,2,3,4,2,2,4,0,3,2,None,Default,16,1,3,1,3,2,3,3,252
,This Sea Level Rise is Terrible_(2).sb3,23,1,4,1,3,4,3,4,2,1,4,0,0,0,None,Default,17,1,3,1,3,3,3,3,236
,Kori-Reign Kourtney Animation Challange.sb3,9,1,0,0,2,1,2,1,0,2,0,0,1,1,None,Default,7,1,0,0,2,1,2,1,16
,Bronson and Jacek Scratch Project.sb3,26,1,4,4,3,2,2,4,2,4,6,3,34,3,None,Default,17,1,3,3,3,2,2,3,1450
,Climate Change in Life Decision.sb3,13,1,4,0,3,1,2,1,0,1,0,0,10,6,None,Default,11,1,3,0,3,1,2,1,233
,scratch game Liz Ava.sb3,10,1,1,1,0,2,2,1,0,2,0,0,0,1,None,Default,8,1,1,1,0,2,2,1,71
,Zhimin and Isabella.sb3,23,4,3,1,3,2,1,4,2,3,0,0,7,1,None,Default,16,3,3,1,3,2,1,3,160
,Project electro.sb3,23,1,4,2,4,2,2,4,2,2,4,2,3,0,None,Default,16,1,3,2,3,2,2,3,525
,Super Chad Bro..sb3,17,1,4,0,3,2,2,1,0,4,0,1,10,4,None,Default,12,1,3,0,3,2,2,1,210
,Climate Pong_(2).sb3,23,1,4,1,2,2,3,4,2,4,2,0,2,1,None,Default,15,1,3,1,2,2,3,3,127
,Greenhouse Gases Game.sb3,21,1,4,1,3,2,2,4,2,2,0,1,1,0,None,Default,15,1,3,1,3,2,2,3,233
,city creator.sb3,29,4,4,2,3,4,2,4,2,4,0,8,5,2,None,Default,19,3,3,2,3,3,2,3,830
,DestroyingTheWorld.inc.exe..sb3,19,1,4,1,3,1,3,4,2,0,0,0,0,0,None,Default,15,1,3,1,3,1,3,3,357
,Climate change- Emari Wakefield and Julia Machado.sb3,33,4,4,4,4,3,3,4,3,4,0,0,1,0,None,Default,21,3,3,3,3,3,3,3,380
,Brooke_Miranda.sb3,26,4,4,1,3,2,2,4,2,4,0,0,0,1,None,Default,17,3,3,1,3,2,2,3,250
,Alex and Hannah's project.sb3,17,1,4,1,3,1,2,2,0,3,0,1,4,1,None,Default,13,1,3,1,3,1,2,2,80
,Michael Katya Phillip project.sb3,32,4,4,4,3,4,3,4,2,4,0,2,0,2,None,Default,21,3,3,3,3,3,3,3,164
,Tree Doggo.sb3,19,2,4,1,3,2,2,2,0,3,0,0,7,0,None,Default,15,2,3,1,3,2,2,2,139
,Julia and Meri's Game.sb3,13,1,4,0,3,2,2,1,0,0,0,0,0,3,None,Default,12,1,3,0,3,2,2,1,319
,Deforestation By- Esther Emily Zero.sb3,25,3,4,1,3,2,2,4,2,4,0,5,4,0,None,Default,17,3,3,1,3,2,2,3,488
,Carbon Game.sb3,33,3,4,4,4,4,3,4,3,4,4,0,0,0,None,Default,21,3,3,3,3,3,3,3,219
,COLLECT THE CO2.sb3,24,1,2,4,3,2,2,4,2,4,3,0,0,1,None,Default,16,1,2,3,3,2,2,3,106
,Carbon Annihilation.sb3,28,2,4,4,4,4,3,4,2,1,8,47,2,0,None,Default,20,2,3,3,3,3,3,3,722
,Leyla and Erin-3 remix remix.sb3,18,1,4,1,3,4,2,1,0,2,0,0,7,2,None,Default,14,1,3,1,3,3,2,1,204
,Deforestation.sb3,10,1,1,1,1,1,2,2,0,1,0,3,0,1,None,Default,9,1,1,1,1,1,2,2,31
,CCTD - (Climate Change Tower Defense).sb3,28,4,4,4,2,2,2,4,2,4,2,22,0,4,None,Default,18,3,3,3,2,2,2,3,1424
,Climate Change Choose Your Own Adventure.sb3,24,1,4,2,3,2,2,4,3,3,0,0,1,1,None,Default,16,1,3,2,3,2,2,3,735
,Albedo Pong.sb3,20,1,4,1,3,2,2,4,0,3,0,0,10,3,None,Default,15,1,3,1,3,2,2,3,145
,Climate Change choices.sb3,22,1,4,1,3,2,2,4,2,3,0,0,3,0,None,Default,15,1,3,1,3,2,2,3,174
,Brian and Kyle.sb3,31,4,4,4,4,3,3,4,2,3,2,2,6,1,None,Default,21,3,3,3,3,3,3,3,350
,Penguin Saver- By Holland and Andrew.sb3,16,1,2,1,3,2,2,1,0,4,0,4,22,1,None,Default,12,1,2,1,3,2,2,1,379
,Mitigation - Elias Daniel- F Block.sb3,31,4,4,4,4,3,2,4,2,4,7,1,4,2,None,Default,20,3,3,3,3,3,2,3,573
,Climate Change Project: Saving the penguin.sb3,24,1,4,1,3,3,2,4,2,4,8,0,2,1,None,Default,16,1,3,1,3,3,2,3,131
,Help the Turtle!.sb3,19,1,1,1,2,2,2,4,2,4,0,1,6,0,None,Default,12,1,1,1,2,2,2,3,167
,CARbon Killer.sb3,23,1,3,1,3,4,2,4,2,3,0,3,1,3,None,Default,16,1,3,1,3,3,2,3,201
,Deforestation Hailey and Remi's Game.sb3,25,1,4,2,3,2,3,4,2,4,2,1,0,0,None,Default,17,1,3,2,3,2,3,3,623
,Ice Cap Hero!.sb3,34,4,4,4,4,3,4,4,3,4,2,5,4,0,None,Default,21,3,3,3,3,3,3,3,507
,Untitled-3_(4).sb3,17,1,4,1,2,2,2,2,0,3,0,4,6,1,None,Default,13,1,3,1,2,2,2,2,59
,Ella and Olivia's Game.sb3,21,2,3,1,3,2,2,4,2,2,4,0,1,1,None,Default,16,2,3,1,3,2,2,3,99
,Logan and Braiden scratch proj D block.sb3,17,2,4,1,2,2,2,1,0,3,2,1,0,0,None,Default,13,2,3,1,2,2,2,1,134
,Truegreen7.sb3,8,1,0,0,0,2,2,1,0,2,0,0,1,0,None,Default,6,1,0,0,0,2,2,1,12
,Catch the CO2.sb3,26,1,4,4,3,2,3,4,2,3,0,0,0,0,None,Default,18,1,3,3,3,2,3,3,110
,snowflake collect.sb3,20,1,2,1,2,2,2,4,2,4,0,0,0,1,None,Default,13,1,2,1,2,2,2,3,429
,ERIC AND ROSIE ANIMATION CHALLENGE.sb3,10,1,1,0,2,1,1,1,0,3,0,0,0,1,None,Default,7,1,1,0,2,1,1,1,21
,Aman and Brady Project.sb3,26,2,3,1,3,4,3,4,2,4,4,0,2,2,None,Default,18,2,3,1,3,3,3,3,216
,The Chosen One.sb3,19,1,2,1,2,2,2,4,2,3,2,0,0,0,None,Default,13,1,2,1,2,2,2,3,90
,Melica Jaycee Natsuka Climate Change Game.sb3,20,1,4,1,3,2,4,2,0,3,0,0,21,6,None,Default,15,1,3,1,3,2,3,2,519
,CO2 journey.sb3,15,1,4,1,3,2,2,1,0,1,3,0,7,4,None,Default,13,1,3,1,3,2,2,1,320
,Space CO2.sb3,21,1,4,1,3,3,2,4,2,1,0,1,1,0,None,Default,16,1,3,1,3,3,2,3,210
,Elsa saves the world alebdo style.sb3,24,2,3,4,2,2,2,4,2,3,0,4,1,1,None,Default,17,2,3,3,2,2,2,3,126
,DON'T TOUCH THE WATER.sb3,24,3,1,4,0,4,2,4,2,4,0,0,1,5,None,Default,15,3,1,3,0,3,2,3,64
,co2 emmision game.sb3,15,1,2,0,3,2,4,2,0,1,0,0,0,0,None,Default,13,1,2,0,3,2,3,2,65
,Save the Planet!.sb3,24,1,4,1,3,4,2,4,2,3,4,2,0,0,None,Default,16,1,3,1,3,3,2,3,579
,Carbon Run_(2).sb3,22,1,4,1,3,4,2,4,2,1,0,3,1,4,None,Default,16,1,3,1,3,3,2,3,122
,Car.sb3,20,1,4,1,3,2,2,4,2,1,0,1,0,1,None,Default,15,1,3,1,3,2,2,3,265
,CO2 emissions Game.sb3,22,2,3,2,1,3,4,4,2,1,0,17,3,0,None,Default,17,2,3,2,1,3,3,3,150
,`_(3).sb3,6,1,1,0,0,1,1,1,0,1,0,1,2,1,None,Default,5,1,1,0,0,1,1,1,10
,Scratch CO2 Project.sb3,22,1,4,1,3,2,2,4,2,3,0,0,0,0,None,Default,15,1,3,1,3,2,2,3,461
,You Can Stop Climate Change One Shopping Trip At A Time!.sb3,23,1,4,1,3,2,2,4,2,4,0,0,1,1,None,Default,15,1,3,1,3,2,2,3,113
,Franki and Elena's game.sb3,21,1,1,4,3,1,2,4,2,3,0,6,0,1,None,Default,14,1,1,3,3,1,2,3,126
,Greenhouse Effect Pong Game.sb3,29,4,4,4,3,2,2,4,2,4,0,2,2,1,None,Default,19,3,3,3,3,2,2,3,229
,Super Planty Bros (Drew and Sasha).sb3,21,3,4,1,3,2,4,1,0,3,5,10,2,0,None,Default,16,3,3,1,3,2,3,1,219
,Lumberjack Attack.sb3,20,1,1,1,3,1,2,4,3,4,0,1,0,1,None,Default,12,1,1,1,3,1,2,3,89
,Danilo and Alba Trees climate change.sb3,24,2,4,1,3,3,2,4,2,3,3,1,1,0,None,Default,17,2,3,1,3,3,2,3,183
,SofiaKevinAnimationChallenge.sb3,9,1,0,0,2,1,2,1,0,2,0,5,1,1,None,Default,7,1,0,0,2,1,2,1,17
,Save the Trees!.sb3,23,3,4,1,3,2,2,4,2,2,4,0,1,3,None,Default,17,3,3,1,3,2,2,3,655
,Climate Change Game_(3).sb3,25,1,4,4,3,2,2,4,2,3,2,1,0,8,None,Default,17,1,3,3,3,2,2,3,362
,CO2 Drop.sb3,25,1,4,4,3,4,2,4,2,1,9,28,17,7,None,Default,18,1,3,3,3,3,2,3,702
,PONG CLIMATE CHANGE.sb3,22,1,4,1,3,2,3,4,2,2,0,2,2,1,None,Default,16,1,3,1,3,2,3,3,101
,Carbon Run.sb3,21,4,4,1,2,2,2,2,0,4,4,0,5,1,None,Default,15,3,3,1,2,2,2,2,224
,Harsh Tree Why Me..sb3,11,1,1,1,0,2,2,1,0,3,0,0,1,0,None,Default,8,1,1,1,0,2,2,1,29
,The Night sky.sb3,27,3,4,2,3,4,2,4,2,3,0,0,0,1,None,Default,19,3,3,2,3,3,2,3,299
,Project Climate Change-Sarah and Shuva.sb3,23,1,4,1,3,4,2,2,3,3,6,4,29,2,None,Default,15,1,3,1,3,3,2,2,567
,Everyday Life and Climate Change.sb3,22,1,4,1,3,2,2,4,2,3,0,0,10,1,None,Default,15,1,3,1,3,2,2,3,485
,Don't Get Burned!.sb3,25,1,4,1,3,4,2,4,2,4,0,0,1,0,None,Default,16,1,3,1,3,3,2,3,144
,Save the World from Co2!.sb3,23,4,3,1,2,2,2,4,2,3,0,1,6,20,None,Default,16,3,3,1,2,2,2,3,415
,Save The Trees_(2).sb3,26,3,4,1,3,4,2,4,2,3,0,1,2,0,None,Default,18,3,3,1,3,3,2,3,336
,STORY.sb3,15,1,3,0,3,2,2,1,0,3,0,0,0,1,None,Default,12,1,3,0,3,2,2,1,30
,Grayson Josh Animation Challenge.sb3,7,1,0,0,2,1,1,1,0,1,0,0,1,1,None,Default,6,1,0,0,2,1,1,1,15
,Fight Wanda the Evil Lumberjack.sb3,27,1,4,4,3,3,2,4,2,4,2,0,0,0,None,Default,18,1,3,3,3,3,2,3,406
,Co2 Catch.sb3,24,1,4,1,3,3,2,4,2,4,0,0,0,0,None,Default,16,1,3,1,3,3,2,3,160
,Energy Efficiency.sb3,26,3,4,4,4,2,2,4,2,1,3,0,0,0,None,Default,19,3,3,3,3,2,2,3,337
,Catch the CO2_(2).sb3,17,1,1,1,0,2,2,4,2,4,0,0,0,0,None,Default,10,1,1,1,0,2,2,3,870
,Climate Change- Ice Melting.sb3,22,1,4,1,3,2,2,4,2,3,0,4,20,2,None,Default,15,1,3,1,3,2,2,3,491
,Climate Change Tetris.sb3,33,3,4,4,4,4,4,4,2,4,21,1,0,1,None,Default,21,3,3,3,3,3,3,3,1143
,climate change highway.sb3,22,1,2,1,2,4,2,4,2,4,2,0,7,3,None,Default,14,1,2,1,2,3,2,3,619
,sam.sb3,13,1,1,1,3,2,2,1,0,2,0,1,81,1,None,Default,11,1,1,1,3,2,2,1,1505
,catch the CO2 by Olivia and Polina.sb3,23,1,4,1,2,2,3,4,2,4,0,1,0,0,None,Default,15,1,3,1,2,2,3,3,249
,Untitled-3.sb3,27,3,4,2,3,2,3,4,2,4,0,4,0,0,None,Default,19,3,3,2,3,2,3,3,83
,Pollution Control.sb3,19,3,4,1,3,2,2,1,0,3,0,2,2,0,None,Default,15,3,3,1,3,2,2,1,180
,Temperature Changes.sb3,20,1,4,1,3,2,2,4,2,1,14,1,1,0,None,Default,15,1,3,1,3,2,2,3,176
,Co2 Game_(2).sb3,20,1,3,4,3,2,4,2,0,1,4,4,0,0,None,Default,17,1,3,3,3,2,3,2,129
,Don't Burn Up!.sb3,24,1,4,4,2,2,3,4,2,2,3,3,59,0,None,Default,17,1,3,3,2,2,3,3,1646
,Ella and Arsema animation Challenge.sb3,14,1,4,0,3,2,1,1,0,2,0,0,1,1,None,Default,11,1,3,0,3,2,1,1,86
,Ocean CO2.sb3,22,1,1,1,3,4,2,4,2,4,0,0,0,1,None,Default,14,1,1,1,3,3,2,3,62
,Sugar Maple Survival.sb3,25,1,4,4,3,3,2,4,2,2,0,1,2,0,None,Default,18,1,3,3,3,3,2,3,848
,Reducing carbon maze.sb3,25,1,4,1,3,2,4,4,2,4,2,0,2,2,None,Default,16,1,3,1,3,2,3,3,197
,Factory Game Thalia and Jehan.sb3,22,1,4,1,3,2,2,4,2,3,0,0,0,0,None,Default,15,1,3,1,3,2,2,3,743
,Untitled.sb3,16,1,0,2,2,2,2,4,2,1,2,0,0,0,None,Default,12,1,0,2,2,2,2,3,43
,Co2 Collector.sb3,28,4,4,4,3,4,2,4,2,1,0,1,0,0,None,Default,20,3,3,3,3,3,2,3,196
,WACK-A-GAS.sb3,27,3,4,4,4,3,2,4,2,1,0,1,0,5,None,Default,20,3,3,3,3,3,2,3,339
,Scratch Project: Helen & Condoleezza.sb3,21,1,4,1,3,3,2,4,2,1,0,0,0,0,None,Default,16,1,3,1,3,3,2,3,204
,New School Project.sb3,22,1,4,2,2,3,2,4,2,2,0,0,7,0,None,Default,16,1,3,2,2,3,2,3,203
,jumpy tree.sb3,22,1,4,1,3,2,2,4,2,3,2,1,2,4,None,Default,15,1,3,1,3,2,2,3,224
,Hit the Target.sb3,25,1,4,4,3,2,2,4,2,3,3,1,21,0,None,Default,17,1,3,3,3,2,2,3,996
,Tigran and David Game.sb3,26,1,4,4,2,2,3,4,2,4,0,0,1,2,None,Default,17,1,3,3,2,2,3,3,276
,`.sb3,18,1,4,1,3,2,2,2,0,3,0,0,1,1,None,Default,14,1,3,1,3,2,2,2,353
,Carbon Clouds.sb3,19,1,4,2,3,2,2,2,0,3,0,4,15,0,None,Default,15,1,3,2,3,2,2,2,436
,Picking Up Trash Helps The World: Mitigation.sb3,16,1,2,0,3,2,2,4,2,0,0,1,0,1,None,Default,13,1,2,0,3,2,2,3,81
,Climate change project:BEAR MAZE.sb3,26,1,4,4,3,2,2,4,2,4,2,3,3,9,None,Default,17,1,3,3,3,2,2,3,254
,Climate change game.sb3,21,2,3,1,2,2,2,4,2,3,0,0,0,2,None,Default,15,2,3,1,2,2,2,3,70
,Climate Change.sb3,20,1,4,1,3,2,1,4,2,2,0,2,0,1,None,Default,14,1,3,1,3,2,1,3,129
,Save Snows and Pennys Home! (Multiplayer).sb3,19,1,2,1,1,2,2,4,2,4,4,2,0,1,None,Default,12,1,2,1,1,2,2,3,142
,Save My House.sb3,27,1,4,4,3,3,2,4,2,4,4,2,0,3,None,Default,18,1,3,3,3,3,2,3,330
,Aidan and Yuval's game.sb3,25,2,4,1,2,4,2,4,2,4,0,0,1,1,None,Default,16,2,3,1,2,3,2,3,104
,Carbon Destroyer.sb3,29,2,4,4,3,4,3,4,2,3,4,6,4,3,None,Default,20,2,3,3,3,3,3,3,349
,Allison Elizabeth-2.sb3,32,3,4,4,4,3,4,4,2,4,9,10,14,1,None,Default,21,3,3,3,3,3,3,3,1582
,Take Action! - heymynamestrey.sb3,25,2,4,2,3,2,2,4,2,4,6,1,12,0,None,Default,17,2,3,2,3,2,2,3,462
,Saving earth with quiz.sb3,13,1,1,1,1,1,2,4,2,0,0,0,0,3,None,Default,10,1,1,1,1,1,2,3,111
,Zach and Nico.sb3,23,1,4,1,3,2,2,4,2,4,2,3,0,1,None,Default,15,1,3,1,3,2,2,3,210
,factory.sb3,23,1,4,1,3,2,2,4,2,4,2,3,0,1,None,Default,15,1,3,1,3,2,2,3,114
,Climate tower defense.sb3,33,3,4,4,3,4,3,4,4,4,2,39,2,1,None,Default,21,3,3,3,3,3,3,3,692
,Click the cars!.sb3,22,1,4,1,3,2,2,4,2,3,0,0,0,2,None,Default,15,1,3,1,3,2,2,3,523
,Climate Change Game-2.sb3,13,1,2,0,1,2,2,1,0,4,0,4,26,2,None,Default,9,1,2,0,1,2,2,1,435
,Guy+Sonia-Lower the Carbon!.sb3,26,1,4,4,4,3,2,4,2,2,0,0,0,0,None,Default,18,1,3,3,3,3,2,3,467
,Pet Earth!.sb3,10,1,2,1,0,1,2,1,0,2,0,0,4,5,None,Default,8,1,2,1,0,1,2,1,78
,Stacy's Adventure.sb3,18,1,4,0,3,2,2,2,0,4,0,2,5,0,None,Default,13,1,3,0,3,2,2,2,226
,PAPA PETEY'S PRODUCT PRODUCTIONERIA.sb3,28,1,4,4,4,2,2,4,3,4,7,5,16,14,None,Default,17,1,3,3,3,2,2,3,754
,The Battle Against Radiation.sb3,16,1,4,1,3,2,2,1,0,2,0,0,0,1,None,Default,13,1,3,1,3,2,2,1,135
,Tyson.sb3,17,3,4,0,3,1,2,1,0,3,0,0,0,1,None,Default,13,3,3,0,3,1,2,1,149
,Adventures of TreeGuy.sb3,32,4,4,4,3,3,3,4,3,4,4,3,1,1,None,Default,21,3,3,3,3,3,3,3,809
,Save the Earth.sb3,24,4,3,1,2,2,2,4,2,4,0,1,0,0,None,Default,16,3,3,1,2,2,2,3,59
,Preventing Climate Change Emerald.sb3,18,1,4,0,3,1,4,2,0,3,0,0,27,1,None,Default,13,1,3,0,3,1,3,2,422
,Ahmet-Ofer.sb3,15,1,1,0,3,2,2,4,0,2,3,5,3,1,None,Default,12,1,1,0,3,2,2,3,660
,Ice Pong.sb3,17,1,1,1,2,2,2,4,2,2,6,2,0,0,None,Default,12,1,1,1,2,2,2,3,236
,Project I guess.sb3,4,0,0,0,0,1,2,1,0,0,0,0,1,1,None,Default,4,0,0,0,0,1,2,1,6
,Kendel and Ben's game.sb3,18,1,4,1,3,1,2,4,2,0,0,0,6,0,None,Default,14,1,3,1,3,1,2,3,273
,Save The Trees_(3).sb3,23,1,4,1,3,2,2,4,2,4,0,0,15,2,None,Default,15,1,3,1,3,2,2,3,554
,help the polar bear.sb3,20,1,4,1,2,2,2,4,2,2,0,3,0,0,None,Default,14,1,3,1,2,2,2,3,63
,Collect the CO2.sb3,23,1,4,1,3,4,3,4,2,1,12,3,11,4,None,Default,17,1,3,1,3,3,3,3,341
,STOP THOSE CARS!!!!!.sb3,25,4,3,2,2,2,2,4,3,3,0,2,0,1,None,Default,17,3,3,2,2,2,2,3,109
,Climate Valley.sb3,25,1,4,4,4,2,3,4,2,1,7,5,6,1,None,Default,18,1,3,3,3,2,3,3,578
,Preventing CO2 from coming into the Earth.sb3,18,1,1,1,3,2,2,4,2,2,0,3,1,0,None,Default,13,1,1,1,3,2,2,3,115
,Sydney _ Daniella game.sb3,23,4,4,0,3,4,2,2,0,4,0,5,0,1,None,Default,16,3,3,0,3,3,2,2,247
,The Carbon Challenge.sb3,28,1,4,4,3,4,2,4,2,4,0,0,3,1,None,Default,18,1,3,3,3,3,2,3,393
,Nic Austin Animation Challenge.sb3,10,1,0,0,1,2,2,1,0,3,0,1,1,3,None,Default,7,1,0,0,1,2,2,1,19
,Anjali and Mariana-3.sb3,29,4,4,1,3,3,4,4,2,4,2,1,3,0,None,Default,19,3,3,1,3,3,3,3,463
,Trees vs. The World.sb3,18,1,4,1,3,2,2,1,0,4,4,1,0,0,None,Default,13,1,3,1,3,2,2,1,93
,Infrared Invasion.sb3,20,1,2,1,3,2,2,4,2,3,0,0,1,1,None,Default,14,1,2,1,3,2,2,3,188
,Latifah M.Sophie N.Ava M..sb3,21,2,4,1,3,2,2,4,2,1,0,5,3,1,None,Default,16,2,3,1,3,2,2,3,158
,Save the Amazon!.sb3,24,1,4,4,3,2,3,4,2,1,6,9,6,2,None,Default,18,1,3,3,3,2,3,3,499
,Factory Builder 2000.sb3,27,1,4,4,3,3,3,4,2,3,0,2,14,3,None,Default,19,1,3,3,3,3,3,3,492
,Saving The Earth One Seed At A Time.sb3,21,1,4,1,3,2,2,4,0,4,0,4,6,1,None,Default,15,1,3,1,3,2,2,3,813
,Modes of Transportation affects on climate change.sb3,24,1,4,1,3,3,3,4,2,3,0,0,4,2,None,Default,17,1,3,1,3,3,3,3,421
,Becca and Alana Climate change.sb3,22,1,4,1,3,2,2,4,2,3,0,0,62,0,None,Default,15,1,3,1,3,2,2,3,715
,Forest.sb3,28,4,4,1,3,4,3,4,2,3,2,2,0,4,None,Default,19,3,3,1,3,3,3,3,821
,Heat Havoc.sb3,28,3,4,4,3,2,2,4,2,4,0,5,2,2,None,Default,19,3,3,3,3,2,2,3,206
,Sinking Penguin.sb3,19,1,1,4,2,2,1,4,2,2,0,0,0,0,None,Default,13,1,1,3,2,2,1,3,44
,What can we do?.sb3,25,2,4,2,3,2,2,4,2,4,0,1,2,1,None,Default,17,2,3,2,3,2,2,3,221
,ice saver.sb3,19,3,4,1,3,1,2,1,0,4,0,1,2,2,None,Default,14,3,3,1,3,1,2,1,339
,Melting Glaciers.sb3,20,1,2,1,3,3,2,4,3,1,0,3,9,1,None,Default,15,1,2,1,3,3,2,3,308
,Plant Man IV.sb3,28,3,4,4,2,3,2,4,2,4,0,122,2,0,None,Default,19,3,3,3,2,3,2,3,4138
,SophieDante Animation Challenge.sb3,10,1,2,0,1,2,2,1,0,1,0,0,2,0,None,Default,9,1,2,0,1,2,2,1,29
,Adventure Through the House! - Climate Change.sb3,23,3,4,1,3,1,4,4,2,1,0,0,1,0,None,Default,17,3,3,1,3,1,3,3,250
,Solar Radiation.sb3,22,1,4,1,3,2,3,4,2,2,0,3,3,0,None,Default,16,1,3,1,3,2,3,3,121
,Helen Luci Animation Challenge.sb3,11,1,1,1,2,1,1,1,0,3,0,0,0,1,None,Default,8,1,1,1,2,1,1,1,66
,Windmill project ava and lilly scratch.sb3,17,1,4,0,3,2,2,1,0,4,0,0,0,0,None,Default,12,1,3,0,3,2,2,1,277
,Dont break the ice remix emily and maddie.sb3,20,1,4,1,3,2,2,4,2,1,2,1,20,1,None,Default,15,1,3,1,3,2,2,3,519
,Sammie and Alex Carbon Cycle Project.sb3,27,2,4,4,3,2,3,4,2,3,2,2,4,4,None,Default,19,2,3,3,3,2,3,3,388
,Save The Atmosphere.sb3,20,1,1,1,3,2,2,4,2,4,0,24,1,0,None,Default,13,1,1,1,3,2,2,3,180
,Lex Gigi Animation Challenge.sb3,15,1,4,1,3,2,2,1,0,1,0,4,5,1,None,Default,13,1,3,1,3,2,2,1,57
,Dont Go With The Flow.sb3,25,2,4,1,3,3,2,4,2,4,0,0,4,2,None,Default,17,2,3,1,3,3,2,3,175
,Space Game 1: Climate Change.sb3,31,4,4,4,3,2,4,4,2,4,2,13,9,8,None,Default,20,3,3,3,3,2,3,3,561
,Molly and Alishba's scratch science game  copy-2 copy copy copy.sb3,13,1,4,0,3,1,2,1,0,1,0,0,0,1,None,Default,11,1,3,0,3,1,2,1,172
,Climate Clicker (Realsed).sb3,21,2,3,2,1,2,2,4,2,3,0,10,8,1,None,Default,15,2,3,2,1,2,2,3,177
,Untitled-2_(4).sb3,11,0,0,1,1,1,2,4,2,0,0,0,0,0,None,Default,8,0,0,1,1,1,2,3,93
,CAUSATION EVASION.sb3,20,1,1,2,1,3,2,4,2,4,34,2,0,1,None,Default,13,1,1,2,1,3,2,3,486
,Beat the Robot.sb3,20,1,4,1,3,2,2,4,2,1,0,0,1,0,None,Default,15,1,3,1,3,2,2,3,64
,Climate Change with BOIKS.sb3,21,1,4,2,2,3,2,4,2,1,0,2,14,0,None,Default,16,1,3,2,2,3,2,3,323
,SOPHIA AND MADDIE.sb3,19,2,1,1,3,2,2,4,0,4,0,2,0,1,None,Default,14,2,1,1,3,2,2,3,110
,venice overflowww.sb3,13,1,1,1,3,2,2,1,0,2,0,2,9,0,None,Default,11,1,1,1,3,2,2,1,26
,Game John And Harry.sb3,18,1,4,1,3,2,2,4,0,1,8,0,2,3,None,Default,15,1,3,1,3,2,2,3,108
,Flood the World.sb3,19,1,4,1,3,2,2,4,2,0,0,0,1,0,None,Default,15,1,3,1,3,2,2,3,152
,Sydra and Nayla.sb3,20,1,4,1,3,1,3,4,2,1,4,1,10,0,None,Default,15,1,3,1,3,1,3,3,545
,ENOZO STOPPER.sb3,13,1,1,1,2,2,2,2,0,2,0,3,1,1,None,Default,11,1,1,1,2,2,2,2,45
,The Choice.sb3,22,1,2,2,3,3,2,4,2,3,0,2,3,0,None,Default,16,1,2,2,3,3,2,3,353
,Cool Climate Game.sb3,23,1,4,1,2,2,3,4,2,4,2,0,0,0,None,Default,15,1,3,1,2,2,3,3,646
,Aji Jesu Game.sb3,34,4,4,4,4,4,4,4,2,4,13,12,9,10,None,Default,21,3,3,3,3,3,3,3,1151
,Building wackamole in the city of Hainsboro.sb3,18,1,4,1,2,2,2,4,2,0,0,0,0,1,None,Default,14,1,3,1,2,2,2,3,170
,Zara's Co2 Adventure Minaya and Daniel.sb3,16,1,4,1,3,2,2,2,0,1,0,2,1,0,None,Default,14,1,3,1,3,2,2,2,185
,Save the polar bears NOW!.sb3,25,4,4,1,3,2,2,4,2,3,0,0,1,2,None,Default,17,3,3,1,3,2,2,3,81
,Hudson Animation Challenge.sb3,13,1,3,0,2,2,1,1,0,3,0,0,0,0,None,Default,10,1,3,0,2,2,1,1,28
,Emily and haley Greenhouse effect.sb3,20,1,4,1,3,2,3,4,2,0,0,0,38,2,None,Default,16,1,3,1,3,2,3,3,691
,the climate change simulation.sb3,27,1,4,4,3,3,3,4,2,3,0,0,0,0,None,Default,19,1,3,3,3,3,3,3,214
,Tess and Nicole mitigame.sb3,26,4,4,1,3,3,2,4,2,3,2,3,0,0,None,Default,18,3,3,1,3,3,2,3,147
,Science Game.sb3,23,4,4,1,3,2,2,4,2,1,0,1,21,1,None,Default,17,3,3,1,3,2,2,3,442
,Carbon Footprint Game.sb3,23,1,4,1,3,4,3,4,2,1,0,3,5,4,None,Default,17,1,3,1,3,3,3,3,189
,Harrison And Constantinos.sb3,25,1,4,4,4,2,2,4,2,2,0,1,2,1,None,Default,17,1,3,3,3,2,2,3,352
,government simulator.sb3,25,3,4,1,2,2,3,4,2,4,8,13,7,5,None,Default,17,3,3,1,2,2,3,3,2381
,Ruler of the City.sb3,22,1,4,2,4,2,2,4,2,1,0,0,17,3,None,Default,16,1,3,2,3,2,2,3,371
,_.sb3,27,3,3,4,3,2,2,4,2,4,0,0,3,3,None,Default,19,3,3,3,3,2,2,3,107
,Albedo Barrier.sb3,27,2,4,4,3,3,2,4,2,3,0,1,3,8,None,Default,19,2,3,3,3,3,2,3,205
,CO2 fr.sb3,20,1,2,1,3,3,2,4,2,2,2,9,1,1,None,Default,15,1,2,1,3,3,2,3,112
,Car Game.sb3,23,1,4,1,3,2,2,4,2,4,2,1,1,0,None,Default,15,1,3,1,3,2,2,3,148
,Deforestation Game.sb3,31,4,4,4,3,2,4,4,4,2,2,5,0,1,None,Default,20,3,3,3,3,2,3,3,676
,Potato's adventure.sb3,21,1,4,2,3,2,2,4,2,1,4,1,5,3,None,Default,16,1,3,2,3,2,2,3,295
,Plants vs Co2.sb3,25,2,4,1,4,2,3,4,2,3,4,5,2,1,None,Default,17,2,3,1,3,2,3,3,378
,Trees vs LumberJack.sb3,24,1,4,1,3,2,4,4,2,3,8,5,0,3,None,Default,16,1,3,1,3,2,3,3,560
,IvGroup7s2 Max Dylan.sb3,22,1,1,4,3,2,2,4,2,3,4,1,9,1,None,Default,15,1,1,3,3,2,2,3,184
,World and Climate Changing Game_(2).sb3,25,3,3,2,2,4,2,4,2,3,0,1,1,0,None,Default,18,3,3,2,2,3,2,3,125
,Global Warming.sb3,22,1,4,1,3,3,3,4,2,1,3,0,15,8,None,Default,17,1,3,1,3,3,3,3,323
,The Polar Bear.sb3,25,1,4,4,4,3,2,4,2,1,0,0,7,4,None,Default,18,1,3,3,3,3,2,3,622
,Co2 DASH.sb3,24,1,4,1,3,2,3,4,2,4,0,2,7,1,None,Default,16,1,3,1,3,2,3,3,238
,Climate Change and the CO2 Succa.sb3,25,1,4,1,3,4,3,4,2,3,0,0,0,1,None,Default,17,1,3,1,3,3,3,3,181
,Cut it out.sb3,27,4,3,2,2,4,2,4,2,4,0,9,0,0,None,Default,18,3,3,2,2,3,2,3,161
,Neo Jonathan.sb3,16,1,4,0,3,2,2,1,0,3,4,0,4,0,None,Default,12,1,3,0,3,2,2,1,56
,Tree Project - Elizabeth and Victoria.sb3,14,1,4,0,3,1,4,1,0,0,8,0,2,1,None,Default,12,1,3,0,3,1,3,1,198
,New Day New Fish.sb3,20,1,4,2,3,2,2,2,0,4,2,1,4,0,None,Default,15,1,3,2,3,2,2,2,576
,Co2 Survival.sb3,25,4,4,1,3,2,2,4,2,3,0,2,2,0,None,Default,17,3,3,1,3,2,2,3,629
,Evan and Mitch.sb3,12,1,4,0,2,1,2,2,0,0,0,0,0,0,None,Default,11,1,3,0,2,1,2,2,115
,Adventures Through Ice.sb3,25,2,4,1,4,3,2,4,2,3,18,2,0,1,None,Default,17,2,3,1,3,3,2,3,689
,scratch project.sb3,16,1,4,1,3,2,2,2,0,1,7,2,0,2,None,Default,14,1,3,1,3,2,2,2,199
,trash collect.sb3,24,1,4,2,3,2,2,4,2,4,0,5,0,0,None,Default,16,1,3,2,3,2,2,3,180
,Fighting Emissions.sb3,27,4,4,1,3,4,2,4,2,3,0,10,0,6,None,Default,18,3,3,1,3,3,2,3,168
,KARINE AND LANCE.sb3,30,3,4,4,3,4,2,4,2,4,0,1,1,4,None,Default,20,3,3,3,3,3,2,3,182
,JakeJaleikaAnimationChallenge.sb3,10,1,1,0,2,1,1,1,0,3,0,0,0,0,None,Default,7,1,1,0,2,1,1,1,15
,Deforestation Game_(2).sb3,19,3,4,1,4,3,2,1,0,1,6,0,21,2,None,Default,16,3,3,1,3,3,2,1,703
,Carbon Clicker.sb3,17,1,4,1,3,2,2,2,0,2,0,1,25,0,None,Default,14,1,3,1,3,2,2,2,595
,Save Us.sb3,22,1,4,1,3,2,4,4,2,1,0,0,23,2,None,Default,16,1,3,1,3,2,3,3,563
,Trees vs CO2.sb3,24,1,4,1,3,4,2,4,2,3,2,0,10,0,None,Default,16,1,3,1,3,3,2,3,332
,CO2 Footprints.sb3,28,2,4,4,3,3,2,4,2,4,18,1,22,0,None,Default,19,2,3,3,3,3,2,3,978
,Save The Trees.sb3,26,3,4,1,3,4,2,4,2,3,0,1,2,0,None,Default,18,3,3,1,3,3,2,3,336
,Industry Interlopers.sb3,17,1,1,1,3,2,2,4,2,1,0,0,0,1,None,Default,13,1,1,1,3,2,2,3,559
,Erez and Erik.sb3,30,2,4,4,4,4,4,4,2,2,2,1,3,0,None,Default,20,2,3,3,3,3,3,3,850
,Chasing CO2.sb3,20,1,1,1,4,2,1,4,2,4,0,2,0,1,None,Default,12,1,1,1,3,2,1,3,142
,Climate Change Game_(5).sb3,24,2,4,1,3,4,2,4,2,2,0,0,8,2,None,Default,17,2,3,1,3,3,2,3,214
,Deflecting UV Rays.sb3,12,1,1,1,2,2,2,2,0,1,0,0,2,1,None,Default,11,1,1,1,2,2,2,2,46
,Fortnite.sb3,23,2,4,1,3,2,2,4,2,3,61,7,4,0,None,Default,16,2,3,1,3,2,2,3,161
,climate change sort game.sb3,11,1,2,1,0,2,2,2,0,1,0,0,0,1,None,Default,10,1,2,1,0,2,2,2,153
,Can you balance climate change?.sb3,22,2,4,1,3,3,2,4,2,1,0,7,4,1,None,Default,17,2,3,1,3,3,2,3,236
,Saving Antarctica.sb3,23,1,4,1,3,2,2,4,2,4,0,1,1,2,None,Default,15,1,3,1,3,2,2,3,193
,Save the Penguins!!!.sb3,16,1,4,1,3,1,2,1,0,3,10,0,2,2,None,Default,12,1,3,1,3,1,2,1,670
,sean and josh.sb3,18,1,4,1,3,2,2,1,0,4,4,4,1,1,None,Default,13,1,3,1,3,2,2,1,271
,Carbon Maze.sb3,17,1,4,1,3,2,2,1,0,3,11,1,1,0,None,Default,13,1,3,1,3,2,2,1,850
,CL LL climate change game.sb3,17,1,2,1,0,2,2,4,2,3,2,0,3,0,None,Default,11,1,2,1,0,2,2,3,35
,What humans can do.sb3,20,1,4,1,3,2,2,4,2,1,2,0,11,0,None,Default,15,1,3,1,3,2,2,3,193
,Climate Clicker_(2).sb3,22,1,4,2,3,2,3,4,2,1,0,14,3,0,None,Default,17,1,3,2,3,2,3,3,728
,Untitled-2_(2).sb3,11,1,2,0,3,2,2,1,0,0,2,0,1,0,None,Default,11,1,2,0,3,2,2,1,165
,Sarita Gabe Game.sb3,29,1,4,4,4,4,2,4,2,4,0,1,4,0,None,Default,18,1,3,3,3,3,2,3,551
,Climate Jumper.sb3,21,1,1,4,1,2,2,4,2,4,0,1,4,1,None,Default,13,1,1,3,1,2,2,3,407
,Reforestation and Deforestation- Saving this land.sb3,20,1,4,1,3,2,2,4,0,3,0,0,5,0,None,Default,15,1,3,1,3,2,2,3,861
,Atmosphere Pong.sb3,13,1,1,1,2,2,2,2,0,2,0,0,0,0,None,Default,11,1,1,1,2,2,2,2,44
,Christmas Chaos.sb3,23,1,4,4,3,2,2,4,3,0,0,0,0,0,None,Default,17,1,3,3,3,2,2,3,187
,OliviaEmilyAnimaionChalllenge.sb3,5,0,0,0,1,1,2,1,0,0,0,0,0,0,None,Default,5,0,0,0,1,1,2,1,16
,Save the polar bear.sb3,19,1,3,2,2,2,2,4,3,0,0,0,0,0,None,Default,15,1,3,2,2,2,2,3,122
,Avery's Life.sb3,20,1,4,1,3,2,2,4,2,1,4,7,4,1,None,Default,15,1,3,1,3,2,2,3,355
,Save the penguin :).sb3,15,1,1,1,0,2,2,4,0,4,0,0,0,8,None,Default,10,1,1,1,0,2,2,3,54
,Save Blue Town from Rising Temperature.sb3,15,1,2,1,2,1,2,4,2,0,5,4,3,1,None,Default,12,1,2,1,2,1,2,3,101
,This Sea Level Rise is Terrible.sb3,23,1,4,1,3,4,3,4,2,1,4,0,0,0,None,Default,17,1,3,1,3,3,3,3,236
,Climate Change Game_(8).sb3,24,1,4,2,3,3,3,4,2,2,2,1,0,0,None,Default,18,1,3,2,3,3,3,3,285
,climate change project finished.sb3,23,1,4,4,3,2,2,4,2,1,0,1,13,0,None,Default,17,1,3,3,3,2,2,3,304
,The Green House Game.sb3,20,1,4,1,3,2,2,4,2,1,0,0,1,0,None,Default,15,1,3,1,3,2,2,3,112
,The Climate Game.sb3,26,4,4,0,3,3,2,4,2,4,22,0,0,0,None,Default,17,3,3,0,3,3,2,3,1877
,Science Project.sb3,18,1,2,1,3,2,2,4,2,1,0,0,1,1,None,Default,14,1,2,1,3,2,2,3,1047
,Leaf Me Alone Carbon.com.net.org.io.exe.mp3.mp4.sb3,29,4,3,4,2,3,3,4,2,4,2,1,1,0,None,Default,20,3,3,3,2,3,3,3,186
,save the penguin!.sb3,13,1,4,1,3,1,2,1,0,0,0,0,0,0,None,Default,12,1,3,1,3,1,2,1,95
,David & Peter.sb3,23,1,4,1,3,2,2,4,2,4,0,14,3,6,None,Default,15,1,3,1,3,2,2,3,586
,Maggie and Shveni- Water Cycle Game.sb3,15,1,4,0,3,1,2,1,0,3,0,0,2,0,None,Default,11,1,3,0,3,1,2,1,82
,jabby.sb3,19,1,3,1,3,2,1,4,2,2,0,0,1,3,None,Default,14,1,3,1,3,2,1,3,51
,✨ Cow Fartopia ✨ [DEMO].sb3,20,1,2,1,3,2,2,4,2,3,0,0,2,1,None,Default,14,1,2,1,3,2,2,3,287
,Gil Avieli and Sam Atalla.sb3,23,1,4,1,3,2,2,4,2,4,0,28,3,2,None,Default,15,1,3,1,3,2,2,3,217
,EszterJordan.sb3,28,3,4,4,4,2,2,4,2,3,3,1,0,1,None,Default,19,3,3,3,3,2,2,3,387
,Mitigation Game.sb3,16,1,2,1,2,2,2,4,2,0,0,0,2,1,None,Default,13,1,2,1,2,2,2,3,134
,capture the CO2.sb3,13,1,2,1,1,2,2,1,0,3,0,0,0,1,None,Default,10,1,2,1,1,2,2,1,111
,Ryan D and Weller B CC Game.sb3,25,2,3,4,2,2,2,4,2,4,2,0,2,1,None,Default,17,2,3,3,2,2,2,3,193
,Isabella and Sarah-3.sb3,23,1,4,4,3,3,2,2,0,4,0,2,1,4,None,Default,17,1,3,3,3,3,2,2,622
,Save The Fish.sb3,22,1,4,1,3,2,2,4,2,3,3,1,0,0,None,Default,15,1,3,1,3,2,2,3,397
,Bikes over cars.sb3,23,2,4,1,3,2,2,4,2,3,4,0,0,0,None,Default,16,2,3,1,3,2,2,3,660
,Super Carbon Bros.sb3,26,1,4,2,3,4,2,4,2,4,5,2,1,2,None,Default,17,1,3,2,3,3,2,3,248
,Garrett and Justin's banger project.sb3,24,1,4,1,3,4,2,4,2,3,0,2,2,0,None,Default,16,1,3,1,3,3,2,3,249
,Choices of the Player.sb3,18,1,4,0,3,1,4,2,0,3,0,2,1,0,None,Default,13,1,3,0,3,1,3,2,152
,Penguin game.sb3,20,1,4,0,3,4,2,2,0,4,0,1,0,1,None,Default,14,1,3,0,3,3,2,2,367
,trees and stuff.sb3,18,1,2,1,2,2,2,4,2,2,0,0,0,0,None,Default,13,1,2,1,2,2,2,3,216
,Deforestation_(2).sb3,17,1,4,1,3,2,2,2,0,2,2,3,3,6,None,Default,14,1,3,1,3,2,2,2,132
,Gabe Umut-2.sb3,19,1,4,0,3,2,2,4,2,1,5,0,0,2,None,Default,14,1,3,0,3,2,2,3,228
,Andrew & Will's Scratch Game: Save The World!.sb3,24,1,4,1,3,3,2,4,2,4,0,1,0,0,None,Default,16,1,3,1,3,3,2,3,1775
,Jocey and Natasha.sb3,18,1,4,1,3,2,2,2,0,3,0,0,2,3,None,Default,14,1,3,1,3,2,2,2,88
,Save the City!.sb3,18,1,4,1,3,2,2,2,0,3,0,0,3,0,None,Default,14,1,3,1,3,2,2,2,92
,Climate Clikerz.sb3,16,1,1,1,3,2,2,4,2,0,0,0,0,0,None,Default,13,1,1,1,3,2,2,3,90
,climate change Co2.sb3,23,1,4,1,3,3,2,4,2,3,10,3,0,1,None,Default,16,1,3,1,3,3,2,3,246
,climate change pong.sb3,24,1,4,4,3,2,2,4,2,2,0,0,0,1,None,Default,17,1,3,3,3,2,2,3,159
,trinity _ emma animation challenge.sb3,3,0,0,0,1,1,1,0,0,0,0,0,5,1,None,Default,3,0,0,0,1,1,1,0,7
,Meat Defeat!!!.sb3,24,1,4,1,3,2,3,4,2,4,0,6,9,1,None,Default,16,1,3,1,3,2,3,3,410
,Joe and Charlie Final Project.sb3,21,1,2,1,3,2,2,4,2,4,0,1,0,1,None,Default,14,1,2,1,3,2,2,3,197
,Jackson and Q's Scratch Project.sb3,19,1,4,1,3,2,2,2,0,4,0,1,4,0,None,Default,14,1,3,1,3,2,2,2,99
,Terrific Tree.sb3,22,2,3,1,3,2,2,4,2,3,0,0,1,0,None,Default,16,2,3,1,3,2,2,3,42
,Adeventures of Albedude ©.sb3,13,1,1,1,1,2,2,2,0,3,0,0,25,2,None,Default,10,1,1,1,1,2,2,2,611
,Polar bear emerald3a.sb3,20,1,3,4,3,1,2,4,2,0,0,8,0,0,None,Default,16,1,3,3,3,1,2,3,68
,AirMania.sb3,32,3,4,4,4,4,3,4,2,4,6,28,9,0,None,Default,21,3,3,3,3,3,3,3,435
,Decoposition.sb3,17,1,1,4,1,2,2,1,1,4,0,8,0,0,None,Default,11,1,1,3,1,2,2,1,54
,Zach Chase game.sb3,23,1,4,1,3,3,2,4,2,3,0,1,4,3,None,Default,16,1,3,1,3,3,2,3,451
,Jadon Ethan animation challenge.sb3,9,1,2,0,2,1,2,1,0,0,0,0,3,1,None,Default,9,1,2,0,2,1,2,1,24
,smol bean.sb3,19,2,4,1,3,2,2,2,0,3,0,0,3,2,None,Default,15,2,3,1,3,2,2,2,79
,Be Green ($) or Be Clean (environmentally speaking).sb3,17,3,4,0,2,2,2,1,0,3,2,1,0,1,None,Default,13,3,3,0,2,2,2,1,304
,Climate Change Game_(10).sb3,18,1,2,1,3,2,2,4,2,1,0,0,0,0,None,Default,14,1,2,1,3,2,2,3,138
,Save the Ocean!.sb3,23,1,4,1,4,2,2,4,2,3,0,0,0,3,None,Default,15,1,3,1,3,2,2,3,287
,Climate Change project.sb3,20,1,4,1,2,3,2,4,2,1,0,0,0,2,None,Default,15,1,3,1,2,3,2,3,135
,climate change game_(2).sb3,13,1,4,0,3,2,2,1,0,0,0,1,0,1,None,Default,12,1,3,0,3,2,2,1,119
,Climate Change Game_(7).sb3,26,1,4,4,3,4,2,4,0,4,0,0,0,1,None,Default,18,1,3,3,3,3,2,3,289
,CO2 destroyer.sb3,18,1,4,1,3,3,2,1,0,3,3,0,9,6,None,Default,14,1,3,1,3,3,2,1,224
,Lilli and Shanae Climate Change Game.sb3,20,1,4,1,3,2,2,4,2,1,13,0,0,0,None,Default,15,1,3,1,3,2,2,3,207
,Climate change Dari A-F.sb3,29,3,4,4,4,3,3,4,2,2,4,49,0,0,None,Default,21,3,3,3,3,3,3,3,2299
,Recycle-man.sb3,30,1,4,4,3,4,4,4,2,4,0,3,0,1,None,Default,19,1,3,3,3,3,3,3,1422
,Humanity vs Carbon vs Plants- Nolan and Chima.sb3,29,2,4,4,4,4,2,4,2,3,9,5,33,3,None,Default,19,2,3,3,3,3,2,3,1180
,Planet-Saving with Parker! (transportation->strategy.sb3,26,1,4,1,3,4,4,4,2,3,0,6,8,2,None,Default,17,1,3,1,3,3,3,3,274
,The Best Game You've Ever Played *No Guarentee.sb3,24,4,4,1,3,3,2,4,2,1,2,0,40,13,None,Default,18,3,3,1,3,3,2,3,927
,Substantial Farming Simulator.sb3,20,1,4,1,3,2,2,4,2,1,0,1,0,0,None,Default,15,1,3,1,3,2,2,3,155
,Brendan and Nathan's project.sb3,21,1,4,1,4,2,3,4,2,0,4,0,0,28,None,Default,16,1,3,1,3,2,3,3,467
,Car or Bike?.sb3,23,1,4,1,3,2,2,4,2,4,0,0,2,7,None,Default,15,1,3,1,3,2,2,3,354
,extreme climate.sb3,19,1,4,0,3,2,2,1,3,3,0,0,1,4,None,Default,12,1,3,0,3,2,2,1,146
,Eujin and Julia.sb3,27,3,4,4,3,3,2,4,3,1,0,12,48,1,None,Default,20,3,3,3,3,3,2,3,1170
,Co2 Clouds Game.sb3,22,1,4,1,3,2,2,4,2,3,0,0,0,0,None,Default,15,1,3,1,3,2,2,3,269
,Climate Change Project_(2).sb3,20,1,2,1,3,2,2,4,2,3,0,3,20,4,None,Default,14,1,2,1,3,2,2,3,644
,Climate change.sb3,22,2,3,1,1,3,2,4,3,3,0,0,2,0,None,Default,15,2,3,1,1,3,2,3,45
,Kevin_Ben Animation Challenge.sb3,13,1,3,0,3,1,1,1,0,3,0,0,2,0,None,Default,10,1,3,0,3,1,1,1,42
,Polar Saving.sb3,29,4,4,4,3,2,2,4,2,4,0,4,9,0,None,Default,19,3,3,3,3,2,2,3,183
,Rambunctious Recycling.sb3,19,1,2,1,2,4,2,4,2,1,0,4,0,1,None,Default,14,1,2,1,2,3,2,3,331
,Crab runner.sb3,29,4,4,2,4,2,4,4,2,3,0,6,2,1,None,Default,19,3,3,2,3,2,3,3,254
,Roy: A Life Well Lived.sb3,14,1,4,0,3,1,2,1,0,2,0,0,0,0,None,Default,11,1,3,0,3,1,2,1,194
,ice tray albedo edition.sb3,18,1,3,1,2,2,1,4,2,2,0,1,0,1,None,Default,13,1,3,1,2,2,1,3,81
,puffs of smoke.sb3,23,1,4,1,2,2,3,4,2,4,0,4,0,3,None,Default,15,1,3,1,2,2,3,3,284
,Climate Control.sb3,22,3,4,1,3,2,2,4,2,1,0,0,1,0,None,Default,17,3,3,1,3,2,2,3,186
,Help Save the Earth!!!.sb3,17,1,4,0,3,2,2,2,0,3,0,0,0,1,None,Default,13,1,3,0,3,2,2,2,331
,Dodge Duck and Jump.sb3,22,2,4,2,2,2,2,4,2,2,0,1,1,0,None,Default,16,2,3,2,2,2,2,3,98
,Science Project radiation.sb3,29,1,4,4,3,3,4,4,2,4,2,0,12,0,None,Default,19,1,3,3,3,3,3,3,304
,Greenhouse Affect.sb3,25,1,4,1,3,3,3,4,2,4,2,0,2,1,None,Default,17,1,3,1,3,3,3,3,328
,Comfortable Climate :).sb3,23,1,4,1,3,3,2,4,2,3,0,2,11,3,None,Default,16,1,3,1,3,3,2,3,235
,Earth Vs Climate change Dodge ball game.sb3,21,1,4,1,3,2,2,4,2,2,12,1,1,0,None,Default,15,1,3,1,3,2,2,3,196
,Welcome to the Greenhouse.sb3,20,1,0,2,3,2,2,4,2,4,0,0,1,0,None,Default,13,1,0,2,3,2,2,3,67
,♥crazy cows♥.sb3,23,1,4,1,3,2,2,4,2,4,2,8,15,0,None,Default,15,1,3,1,3,2,2,3,465
,CO2 Game.sb3,19,1,1,1,2,2,2,4,2,4,4,5,4,0,None,Default,12,1,1,1,2,2,2,3,108
,Climate Change Pong Finished Version.sb3,23,3,4,1,3,2,2,4,2,2,0,0,4,4,None,Default,17,3,3,1,3,2,2,3,171
,Water.sb3,14,1,1,1,3,2,2,1,0,3,15,0,2,1,None,Default,11,1,1,1,3,2,2,1,578
,Dat Albedo.sb3,15,1,1,1,3,2,2,2,0,3,61,0,2,1,None,Default,12,1,1,1,3,2,2,2,1790
,Garden Simulator 2k17.sb3,23,1,4,4,3,2,2,4,2,1,0,0,8,0,None,Default,17,1,3,3,3,2,2,3,205
,A Day of Choices.sb3,15,1,4,0,3,1,2,1,0,3,4,0,0,0,None,Default,11,1,3,0,3,1,2,1,229
,Lily and Liza's Project Deforestation.sb3,15,1,1,2,1,2,2,2,0,4,0,0,0,1,None,Default,11,1,1,2,1,2,2,2,290
,Cow catch game.sb3,20,1,1,1,3,2,2,4,2,4,0,0,1,1,None,Default,13,1,1,1,3,2,2,3,60
,Factory Pollution.sb3,24,4,3,1,3,3,2,4,2,2,0,0,1,1,None,Default,18,3,3,1,3,3,2,3,65
,Save the Fishy.sb3,18,3,2,1,3,2,2,1,0,4,0,1,0,0,None,Default,14,3,2,1,3,2,2,1,222
,JacksonNatalieproject.sb3,26,1,4,4,3,2,2,4,2,4,0,0,2,2,None,Default,17,1,3,3,3,2,2,3,173
,Artem Tsukasa.sb3,20,1,3,2,1,3,3,4,2,1,6,4,22,7,None,Default,16,1,3,2,1,3,3,3,321
,Tom and Mahbod Climate Change Game.sb3,31,4,4,4,4,4,3,4,2,2,4,7,1,2,None,Default,21,3,3,3,3,3,3,3,917
,welknkmCX 'lkSD ow EVIw oP iwb'lkNSFPVON.sb3,25,1,4,4,3,2,2,4,2,3,0,6,1,2,None,Default,17,1,3,3,3,2,2,3,290
,Lizzy & Sydney's Game.sb3,22,2,3,1,3,2,2,4,2,3,0,0,0,0,None,Default,16,2,3,1,3,2,2,3,76
,Destroy the World.sb3,18,1,1,1,3,2,2,4,2,2,0,6,0,4,None,Default,13,1,1,1,3,2,2,3,115
,Maroon2018C9.sb3,20,1,3,1,3,2,2,4,2,2,0,4,1,1,None,Default,15,1,3,1,3,2,2,3,138
,climate change game.sb3,13,1,4,0,3,2,2,1,0,0,0,1,0,1,None,Default,12,1,3,0,3,2,2,1,119
,Sydney Forristall and Samuel Gordon.sb3,21,1,4,1,3,2,2,4,2,2,4,1,3,5,None,Default,15,1,3,1,3,2,2,3,132
,Reflecting Ice Project.sb3,20,1,4,1,3,2,1,4,2,2,0,0,0,0,None,Default,14,1,3,1,3,2,1,3,120
,Guardian of the Forest.sb3,24,1,4,2,3,2,3,4,2,3,2,0,0,0,None,Default,17,1,3,2,3,2,3,3,249
,This World Is Crumbling T.W.I.C..sb3,21,1,4,1,2,2,2,4,2,3,4,0,0,4,None,Default,14,1,3,1,2,2,2,3,339
,Mitigation Master!.sb3,23,1,4,1,4,4,3,4,2,0,2,2,0,0,None,Default,17,1,3,1,3,3,3,3,1144
,TreezRKool.sb3,21,1,4,1,3,2,3,4,2,1,0,0,1,3,None,Default,16,1,3,1,3,2,3,3,74
,SpAcE pOnG.sb3,18,3,2,1,2,2,2,4,0,2,0,1,1,0,None,Default,15,3,2,1,2,2,2,3,116
,Game Thingy.sb3,16,1,4,1,3,2,2,2,0,1,2,0,3,0,None,Default,14,1,3,1,3,2,2,2,169
,Troubled Waters.sb3,23,1,4,1,3,2,2,4,2,4,0,0,5,0,None,Default,15,1,3,1,3,2,2,3,246
,Hydrosphere Box Game.sb3,17,1,3,1,3,2,4,2,0,1,0,4,0,0,None,Default,15,1,3,1,3,2,3,2,127
,Liam and Sam scratch project.sb3,17,1,2,2,2,2,2,4,2,0,0,6,1,1,None,Default,14,1,2,2,2,2,2,3,31
,Yvonne and Esha.sb3,29,4,4,4,3,2,2,4,2,4,0,1,0,0,None,Default,19,3,3,3,3,2,2,3,98
,Super Saver of Exciting Earth.sb3,23,1,3,1,3,4,2,4,2,3,0,4,4,0,None,Default,16,1,3,1,3,3,2,3,605
,reducing co2 maze by madi and paige.sb3,17,1,1,1,3,2,2,4,2,1,0,0,0,1,None,Default,13,1,1,1,3,2,2,3,119
,Unwanted Co2.sb3,14,1,1,0,3,1,2,2,0,4,0,0,1,1,None,Default,10,1,1,0,3,1,2,2,124
,Brick Breaker remix.sb3,22,1,1,1,3,4,2,4,2,4,0,0,0,0,None,Default,14,1,1,1,3,3,2,3,97
,Catch the Monkey.sb3,18,1,1,1,1,2,2,4,2,4,2,0,8,1,None,Default,11,1,1,1,1,2,2,3,132
,Aris and Rana.sb3,16,1,4,1,3,1,2,1,0,3,2,0,11,0,None,Default,12,1,3,1,3,1,2,1,235
,`_(2).sb3,24,4,4,1,2,3,3,4,2,1,0,3,5,8,None,Default,18,3,3,1,2,3,3,3,199
,Joci and Becky Climate Change Games.sb3,17,1,4,1,3,2,2,1,0,3,0,0,9,3,None,Default,13,1,3,1,3,2,2,1,159
,Flood Dodge.sb3,16,1,4,1,2,2,2,1,0,3,14,0,0,1,None,Default,12,1,3,1,2,2,2,1,445
,Hurricane Paddle.sb3,16,1,4,1,3,2,2,1,0,2,8,0,0,0,None,Default,13,1,3,1,3,2,2,1,226
,Climate Change Game_(4).sb3,26,1,4,4,3,2,2,4,2,4,0,0,13,8,None,Default,17,1,3,3,3,2,2,3,377
,Co2 Game.sb3,20,1,3,4,3,2,4,2,0,1,4,4,0,0,None,Default,17,1,3,3,3,2,3,2,129
,Cars and co2.sb3,20,1,2,1,2,2,2,4,2,4,0,0,2,1,None,Default,13,1,2,1,2,2,2,3,168
,Eat The Carbon by Barry and Kyrene.sb3,23,1,4,2,2,2,2,4,2,4,0,12,1,2,None,Default,15,1,3,2,2,2,2,3,771
,Climate Change Simulation.sb3,22,1,4,1,3,1,3,4,2,3,0,1,10,1,None,Default,15,1,3,1,3,1,3,3,320
,Preventing Greenhouse Gases With Paul the Poler Bear.sb3,22,1,4,1,3,2,2,4,2,3,0,6,0,1,None,Default,15,1,3,1,3,2,2,3,176
,Kenny Michael.sb3,23,1,4,1,3,2,2,4,2,4,14,5,0,3,None,Default,15,1,3,1,3,2,2,3,364
,Climate Change Game Hannah and Andrew.sb3,22,1,4,1,3,3,2,4,2,2,0,2,0,0,None,Default,16,1,3,1,3,3,2,3,285
,Climate Change Game_(6).sb3,22,1,4,4,3,2,2,4,2,0,0,0,6,9,None,Default,17,1,3,3,3,2,2,3,345
,Stop Global Warming.sb3,28,1,4,4,4,3,2,4,2,4,13,0,16,3,None,Default,18,1,3,3,3,3,2,3,1027
,qsd.sb3,18,2,4,1,2,3,2,2,0,2,0,5,1,0,None,Default,15,2,3,1,2,3,2,2,140
,Impacts on wildlife.sb3,14,1,1,1,0,2,2,4,2,1,0,0,3,1,None,Default,10,1,1,1,0,2,2,3,112
,Choose Your Adventure.sb3,14,1,4,0,2,2,2,2,0,1,0,1,0,8,None,Default,12,1,3,0,2,2,2,2,148
,Untitled_(3).sb3,11,1,2,0,0,4,2,1,0,1,0,0,0,1,None,Default,9,1,2,0,0,3,2,1,13
,Polar Bear Fixes Climate Change.sb3,13,1,4,0,3,1,2,2,0,0,0,0,2,1,None,Default,12,1,3,0,3,1,2,2,82
,carbon crab.sb3,25,2,4,1,3,3,4,4,2,2,0,2,4,1,None,Default,18,2,3,1,3,3,3,3,776
,Earth vs. Floods.sb3,22,2,4,1,3,3,2,4,2,1,2,3,0,3,None,Default,17,2,3,1,3,3,2,3,186
,Class Project Sage and Nora.sb3,26,3,4,2,3,2,4,4,2,2,0,2,0,0,None,Default,19,3,3,2,3,2,3,3,369
,Episode (Carbon edition).sb3,28,3,4,4,3,2,2,4,2,4,0,1,16,0,None,Default,19,3,3,3,3,2,2,3,777
,Sun Ray Shielder.sb3,31,4,4,4,3,3,3,4,2,4,0,2,2,1,None,Default,21,3,3,3,3,3,3,3,407
,Climate Change Cha Cha Slide.sb3,28,3,4,2,3,3,2,4,3,4,0,2,14,3,None,Default,19,3,3,2,3,3,2,3,757
,Heat absorber.sb3,24,1,4,1,3,4,2,4,2,3,0,0,22,1,None,Default,16,1,3,1,3,3,2,3,611
,systems from scratch.sb3,30,3,4,4,4,3,3,4,4,1,0,4,0,1,None,Default,21,3,3,3,3,3,3,3,615
,Tropho Farm.sb3,23,2,4,2,3,2,2,4,2,2,4,0,2,0,None,Default,17,2,3,2,3,2,2,3,268
,Plant the Trees!.sb3,23,2,4,4,2,2,2,4,2,1,0,1,2,5,None,Default,17,2,3,3,2,2,2,3,148
,Sophie and Hannah's Climate Game!!!!!!!.sb3,18,1,4,1,3,2,2,1,0,4,0,0,17,6,None,Default,13,1,3,1,3,2,2,1,634
,Sofi S..sb3,23,1,4,0,4,3,2,4,2,3,0,0,5,3,None,Default,15,1,3,0,3,3,2,3,282
,Jamari Alex Animation Challenge.sb3,14,1,3,0,2,2,2,1,0,3,0,0,2,1,None,Default,11,1,3,0,2,2,2,1,28
,Nathan and Edo Cookie Game.sb3,26,3,4,1,3,3,2,4,2,4,0,0,0,1,None,Default,18,3,3,1,3,3,2,3,115
,Reduce dat boi Co2 in the Atmosphere.sb3,18,1,1,1,2,2,2,4,2,3,0,5,0,2,None,Default,12,1,1,1,2,2,2,3,146
,Nora + Sage.sb3,31,4,4,4,4,2,3,4,2,4,4,15,23,2,None,Default,20,3,3,3,3,2,3,3,557
,Chainsaw guy.sb3,24,1,4,4,3,2,2,4,2,2,2,8,3,0,None,Default,17,1,3,3,3,2,2,3,204
,Untitled-2_(3).sb3,20,1,1,2,3,2,2,4,2,3,0,1,0,1,None,Default,14,1,1,2,3,2,2,3,107
,deforestation nationnnn.sb3,16,2,3,1,2,2,2,2,0,2,3,3,6,0,None,Default,14,2,3,1,2,2,2,2,161
,David + Nareg's Tree CO2 Simulator - 2K18.sb3,21,1,4,1,3,3,2,4,2,1,2,2,0,4,None,Default,16,1,3,1,3,3,2,3,284
,Clara and Mira's Project.sb3,20,3,4,1,3,2,2,2,0,3,3,2,15,8,None,Default,16,3,3,1,3,2,2,2,745
,Penguin Paradise.sb3,12,1,4,0,3,1,2,1,0,0,0,0,0,0,None,Default,11,1,3,0,3,1,2,1,205
,Climate Change: Taking Action.sb3,25,1,4,4,3,2,3,4,2,2,7,1,19,13,None,Default,18,1,3,3,3,2,3,3,1534
,Save The Polar Ice Caps remix copy.sb3,22,1,4,1,3,2,2,4,2,3,0,0,0,0,None,Default,15,1,3,1,3,2,2,3,167
,Brendan and Hallel.sb3,21,1,2,1,3,3,2,4,2,3,0,0,9,3,None,Default,15,1,2,1,3,3,2,3,371
,New Science Scratch.sb3,20,1,1,1,3,2,2,4,2,4,0,0,0,0,None,Default,13,1,1,1,3,2,2,3,92
,IAN RASAMAT.sb3,16,2,3,1,0,4,2,2,0,2,0,4,1,1,None,Default,13,2,3,1,0,3,2,2,25
,GAME.sb3,23,1,4,1,2,4,2,4,2,3,2,3,51,2,None,Default,15,1,3,1,2,3,2,3,957
,Reducing Ocean Acidification.sb3,23,4,3,1,2,2,1,4,2,4,0,0,4,0,None,Default,15,3,3,1,2,2,1,3,142
,Tesla CO2 Emissions.sb3,22,1,4,2,3,2,2,4,2,2,0,9,5,4,None,Default,16,1,3,2,3,2,2,3,111
,SuperSeaTurtleBro..sb3,25,1,3,4,3,2,2,4,2,4,0,4,0,0,None,Default,17,1,3,3,3,2,2,3,133
,THE GLOBAL WARMING game!.sb3,21,1,4,1,3,2,2,4,2,2,0,0,4,0,None,Default,15,1,3,1,3,2,2,3,160
,World and Climate Changing Game.sb3,25,3,3,2,2,4,2,4,2,3,0,1,1,0,None,Default,18,3,3,2,2,3,2,3,125
,Carlos's Guide to Climate Change.sb3,19,1,4,1,3,2,2,4,2,0,4,0,0,0,None,Default,15,1,3,1,3,2,2,3,654
,Ice Blocker Climate Change Game.sb3,25,1,4,1,3,2,4,4,2,4,0,0,3,0,None,Default,16,1,3,1,3,2,3,3,133
,Tree1 Climate Game.sb3,19,1,4,1,2,2,3,4,2,0,0,0,1,1,None,Default,15,1,3,1,2,2,3,3,291
,Become the Best Lumberjack.sb3,22,1,4,1,3,2,4,4,2,1,15,0,9,0,None,Default,16,1,3,1,3,2,3,3,353
,Carbon Capture_(2).sb3,17,1,1,1,0,2,2,4,2,4,0,0,0,1,None,Default,10,1,1,1,0,2,2,3,91
,Austin & Clarence.sb3,24,3,3,4,2,2,2,4,3,1,0,0,0,1,None,Default,18,3,3,3,2,2,2,3,159
,Climate Clicker.sb3,24,2,4,2,2,3,4,4,2,1,0,0,3,0,None,Default,18,2,3,2,2,3,3,3,58
,Fortnite: Climate Change Edition.sb3,28,2,4,4,3,3,3,4,2,3,4,1,0,3,None,Default,20,2,3,3,3,3,3,3,339
,Greenite: The Greenining.sb3,27,1,4,4,4,2,2,4,2,4,6,7,0,0,None,Default,17,1,3,3,3,2,2,3,812
,THE LIFE CHANGING CLIMATE GAME (CLICK ON THIS).sb3,21,1,4,1,3,2,2,4,2,2,2,0,2,0,None,Default,15,1,3,1,3,2,2,3,249
,Lasagna feat. Ludacris.sb3,16,1,3,1,3,3,1,1,0,3,0,2,1,0,None,Default,13,1,3,1,3,3,1,1,126
,The Carbon Journey.sb3,27,1,4,4,4,2,2,4,2,4,2,1,1,0,None,Default,17,1,3,3,3,2,2,3,328
,Carbon Game by Ria and Sarah.sb3,21,1,4,2,3,3,2,4,2,0,0,0,2,1,None,Default,17,1,3,2,3,3,2,3,114
,Carbon Capture.sb3,15,1,4,1,3,2,2,1,0,1,5,0,5,1,None,Default,13,1,3,1,3,2,2,1,106
,Save The World.sb3,25,1,4,1,3,4,2,4,2,4,0,1,0,0,None,Default,16,1,3,1,3,3,2,3,230
,Log Samurai.sb3,27,4,4,1,3,2,4,4,2,3,4,2,1,1,None,Default,18,3,3,1,3,2,3,3,265
,Oxygen VS CO2-Climate Change.sb3,24,1,4,1,2,3,3,4,2,4,0,0,0,0,None,Default,16,1,3,1,2,3,3,3,643
,Pollutionville Game!.sb3,17,1,4,0,3,2,2,1,0,4,0,0,3,3,None,Default,12,1,3,0,3,2,2,1,527
,Deforestation game.sb3,21,1,4,1,3,2,3,4,2,1,4,1,0,4,None,Default,16,1,3,1,3,2,3,3,442
,saving energy.sb3,0,0,0,0,0,0,0,0,0,0,0,0,2,5,None,Default,0,0,0,0,0,0,0,0,0
,Abby's choices.sb3,19,1,4,1,3,2,2,4,2,0,0,1,0,1,None,Default,15,1,3,1,3,2,2,3,235
,Carbon Catcher.sb3,19,1,1,1,2,2,2,4,2,4,0,0,0,0,None,Default,12,1,1,1,2,2,2,3,194
,Tree Cutting Simulator.sb3,21,2,4,1,3,2,2,4,2,1,0,0,1,0,None,Default,16,2,3,1,3,2,2,3,77
,Climate Change - Caitlin & Irene.sb3,26,4,4,2,3,2,2,4,2,3,0,4,0,0,None,Default,18,3,3,2,3,2,2,3,210
,The Awesome Lamp Game.sb3,22,1,4,4,3,2,2,4,2,0,0,0,0,0,None,Default,17,1,3,3,3,2,2,3,250
,maya lucy water cycle.sb3,22,2,4,1,3,3,2,4,2,1,0,2,0,2,None,Default,17,2,3,1,3,3,2,3,131
,Shayan and Jeff.sb3,23,1,4,1,3,2,2,4,2,4,0,3,0,0,None,Default,15,1,3,1,3,2,2,3,175
,Pico Saves The Word.sb3,20,1,4,1,3,2,2,4,2,1,0,2,0,3,None,Default,15,1,3,1,3,2,2,3,105
,Crossing Guard of the Atmosphere.sb3,22,1,4,1,3,2,2,4,2,3,0,3,0,0,None,Default,15,1,3,1,3,2,2,3,95
,Fight the Pollution!.sb3,23,4,3,1,3,2,2,4,2,2,0,1,0,3,None,Default,17,3,3,1,3,2,2,3,176
,Deforestation Disaster.sb3,27,2,4,4,3,3,2,4,2,3,4,0,2,2,None,Default,19,2,3,3,3,3,2,3,340
,Climate Change Catch Game.sb3,24,1,4,1,3,2,3,4,2,4,0,0,9,0,None,Default,16,1,3,1,3,2,3,3,384
,gobo global harm.sb3,22,1,4,1,3,3,2,4,2,2,0,20,1,2,None,Default,16,1,3,1,3,3,2,3,189
,Rose and Liv's pretty slick game.sb3,25,4,4,1,2,2,2,4,2,4,0,0,3,3,None,Default,16,3,3,1,2,2,2,3,123
,Saving Squishy.sb3,22,1,4,1,3,2,2,4,2,3,0,0,58,1,None,Default,15,1,3,1,3,2,2,3,1054
,Jump Into Climate Change!.sb3,21,1,4,1,3,2,2,4,0,4,0,0,0,0,None,Default,15,1,3,1,3,2,2,3,170
,Solar Pong.sb3,24,1,4,1,3,3,2,4,2,4,0,0,3,0,None,Default,16,1,3,1,3,3,2,3,95
,Scratch Project.sb3,20,1,4,1,3,2,2,4,2,1,0,0,2,0,None,Default,15,1,3,1,3,2,2,3,146
,Hagar and Sephora Reforestation.sb3,23,1,4,1,3,2,2,4,2,4,0,0,0,0,None,Default,15,1,3,1,3,2,2,3,614
,ocean climate.sb3,12,0,0,2,0,1,2,4,2,1,0,0,0,1,None,Default,8,0,0,2,0,1,2,3,27
,Science Project_(2).sb3,23,1,4,4,3,2,3,4,2,0,10,0,19,0,None,Default,18,1,3,3,3,2,3,3,946
,Atmosphere game.sb3,33,4,4,4,3,4,4,4,2,4,0,1,0,1,None,Default,21,3,3,3,3,3,3,3,116
,CO2 Run.sb3,20,1,4,1,3,2,2,4,2,1,0,0,0,0,None,Default,15,1,3,1,3,2,2,3,448
,heewon and audrey.sb3,34,4,4,4,4,4,4,4,2,4,13,707,1,0,None,Default,21,3,3,3,3,3,3,3,8091
,Forest Defender Duo.sb3,31,4,4,4,3,4,2,4,2,4,0,5,2,2,None,Default,20,3,3,3,3,3,2,3,533
,Molecule Game.sb3,28,1,4,4,4,4,3,4,2,2,2,2,14,0,None,Default,19,1,3,3,3,3,3,3,811
,Cloud collectors.sb3,15,1,1,1,2,2,2,2,0,4,0,1,0,0,None,Default,11,1,1,1,2,2,2,2,150
,Sophia and Mar Deforestation Game.sb3,22,1,4,1,3,3,2,4,2,2,0,1,0,0,None,Default,16,1,3,1,3,3,2,3,1410
,Katharine and Carla's Game.sb3,14,4,3,1,1,2,1,1,0,1,0,0,1,1,None,Default,12,3,3,1,1,2,1,1,36
,Co2 Choices.sb3,20,1,4,1,3,2,2,4,2,1,6,1,8,0,None,Default,15,1,3,1,3,2,2,3,203
,Climate change game!!!!.sb3,19,1,2,1,2,2,2,4,2,3,0,1,0,1,None,Default,13,1,2,1,2,2,2,3,47
,Help Gobo Save the World.sb3,24,1,4,2,4,2,2,4,2,3,11,0,10,0,None,Default,16,1,3,2,3,2,2,3,494
,CO2 Stopper.sb3,15,1,1,1,3,2,2,2,0,3,5,4,11,2,None,Default,12,1,1,1,3,2,2,2,208
,Patrick and Elaine.sb3,29,4,4,4,3,4,2,4,2,2,0,11,0,0,None,Default,20,3,3,3,3,3,2,3,199
,Rebecca Chloe Animation Challenge.sb3,10,1,0,0,2,1,2,1,0,3,0,0,1,1,None,Default,7,1,0,0,2,1,2,1,23
,Ocean Defender.sb3,24,2,4,1,3,2,2,4,2,4,0,0,16,7,None,Default,16,2,3,1,3,2,2,3,341
,Mak and Oisin GreenQuest Section 3.sb3,17,1,4,1,3,3,2,1,0,2,0,0,2,0,None,Default,14,1,3,1,3,3,2,1,80
,Greenhouse Captivity.sb3,25,1,4,1,3,4,2,4,2,4,0,3,2,1,None,Default,16,1,3,1,3,3,2,3,407
,choosey choices.sb3,16,1,3,1,3,1,2,2,0,3,0,4,0,1,None,Default,13,1,3,1,3,1,2,2,139
,Carbon Capitalist.sb3,27,1,4,2,4,4,3,4,2,3,0,0,1,2,None,Default,18,1,3,2,3,3,3,3,310
,The Fun Ocean Game.sb3,19,1,4,1,3,4,2,2,0,2,10,6,5,0,None,Default,15,1,3,1,3,3,2,2,262
,Amanda and Joyce-2.sb3,19,1,4,0,3,2,4,2,0,3,0,1,11,0,None,Default,14,1,3,0,3,2,3,2,508
,Bryan and Mark's Game Project.sb3,25,4,4,1,3,4,2,4,2,1,2,0,0,4,None,Default,18,3,3,1,3,3,2,3,200
,Yuval and Rebecca Water cycle.sb3,16,1,1,0,3,2,2,4,2,1,0,0,1,0,None,Default,12,1,1,0,3,2,2,3,112
,Save Greenhouse Gases.sb3,25,2,4,2,3,3,2,4,2,3,0,0,17,12,None,Default,18,2,3,2,3,3,2,3,426
,Jack and Zach's Epic Adventure.sb3,22,1,4,1,2,3,2,4,2,3,0,1,0,0,None,Default,15,1,3,1,2,3,2,3,311
,A most serious and mature electronic game.sb3,27,4,4,1,3,2,3,4,2,4,0,1,2,0,None,Default,18,3,3,1,3,2,3,3,172
,Farmer Sam and His Cows.sb3,12,1,2,1,2,2,2,2,0,0,0,2,0,1,None,Default,12,1,2,1,2,2,2,2,90
,FartMan™.sb3,17,1,1,1,3,2,2,4,2,1,0,2,0,2,None,Default,13,1,1,1,3,2,2,3,363
,Save the Shellfish.sb3,24,1,4,1,3,2,4,4,2,3,0,0,22,0,None,Default,16,1,3,1,3,2,3,3,622
,Climate Change Ocean Acidification game.sb3,20,1,4,1,3,2,2,4,2,1,10,5,9,2,None,Default,15,1,3,1,3,2,2,3,394
,Island Fish Rescue.sb3,21,2,3,1,2,2,2,4,2,3,4,0,3,0,None,Default,15,2,3,1,2,2,2,3,125
,The Real Life Disaster.sb3,13,1,4,0,3,1,2,1,0,1,2,0,1,1,None,Default,11,1,3,0,3,1,2,1,369
,Rhea Leila and Isabelle Climate Change Game.sb3,21,1,4,2,3,2,3,4,2,0,0,0,0,0,None,Default,17,1,3,2,3,2,3,3,240
,Climate Change Game!.sb3,15,1,4,0,3,2,2,2,0,1,0,0,19,6,None,Default,13,1,3,0,3,2,2,2,285
,Climate Change Game_(9).sb3,19,1,4,1,3,2,2,4,2,0,0,71,0,0,None,Default,15,1,3,1,3,2,2,3,536
,2 player albedo game.sb3,27,1,4,2,3,3,4,4,2,4,2,0,0,0,None,Default,18,1,3,2,3,3,3,3,389
,new maze.sb3,21,1,4,1,3,2,2,4,2,2,4,0,0,0,None,Default,15,1,3,1,3,2,2,3,167
,The Climate Change Game.sb3,19,1,4,1,3,2,2,4,2,0,0,0,1,0,None,Default,15,1,3,1,3,2,2,3,255
,FactorySimulator.sb3,29,2,4,4,3,3,3,4,2,4,0,0,0,7,None,Default,20,2,3,3,3,3,3,3,699
,The Fish Tank.sb3,23,1,4,1,3,2,2,4,2,4,0,0,1,3,None,Default,15,1,3,1,3,2,2,3,235
,Save Climate city!.sb3,23,1,4,2,3,4,3,4,2,0,0,0,6,3,None,Default,18,1,3,2,3,3,3,3,177
,Climate Pong.sb3,26,4,4,1,3,2,2,4,2,4,0,0,0,0,None,Default,17,3,3,1,3,2,2,3,70
,Daniel Scott.sb3,12,1,2,1,2,2,2,2,0,0,0,2,1,1,None,Default,12,1,2,1,2,2,2,2,199
,polar blast.sb3,19,1,2,1,1,2,2,4,2,4,0,0,2,1,None,Default,12,1,2,1,1,2,2,3,74
,RetroMetro.sb3,23,1,4,2,2,2,2,4,2,4,0,0,5,1,None,Default,15,1,3,2,2,2,2,3,342
,Toni and Elisabeth's Game.sb3,24,3,3,1,3,4,2,4,1,3,0,0,3,0,None,Default,18,3,3,1,3,3,2,3,97
,Untitled-3_(3).sb3,19,1,4,1,3,4,2,1,0,3,0,2,5,1,None,Default,14,1,3,1,3,3,2,1,372
,Save the Climate.sb3,25,4,4,1,3,2,2,4,2,3,0,0,1,0,None,Default,17,3,3,1,3,2,2,3,100
,Future C02.sb3,20,1,4,1,3,2,2,4,2,1,0,0,0,1,None,Default,15,1,3,1,3,2,2,3,141
,Carbon in the Water Cycle.sb3,19,1,4,1,3,2,2,4,2,0,0,0,0,0,None,Default,15,1,3,1,3,2,2,3,304
,Co2 Pong game.sb3,16,2,3,1,2,2,2,2,0,2,2,4,1,1,None,Default,14,2,3,1,2,2,2,2,99
,YOUNES AND MARAT QUIZ.sb3,24,2,4,4,3,2,2,4,2,1,0,0,2,0,None,Default,18,2,3,3,3,2,2,3,159
,Ellie and Talia Untitled-5.sb3,19,1,1,1,2,2,2,4,2,4,0,0,0,1,None,Default,12,1,1,1,2,2,2,3,250
,GHGs Game.sb3,24,3,4,1,3,3,3,4,2,1,2,0,2,0,None,Default,19,3,3,1,3,3,3,3,231
,Building A House.sb3,21,1,4,0,3,1,2,4,3,3,5,0,1,1,None,Default,13,1,3,0,3,1,2,3,422
,Saving the Polar Bears.sb3,19,1,1,1,3,2,2,4,2,3,0,0,16,0,None,Default,13,1,1,1,3,2,2,3,674
,Climate Change With Cars and CO2.sb3,21,1,3,1,3,2,2,4,2,3,0,9,6,0,None,Default,15,1,3,1,3,2,2,3,228
,Save The Polar Bear From Climate Change.sb3,26,2,4,4,3,2,2,4,2,3,2,0,0,0,None,Default,18,2,3,3,3,2,2,3,273
,Reducing Meat Consumption.sb3,20,1,4,1,3,2,2,4,2,1,0,0,3,1,None,Default,15,1,3,1,3,2,2,3,205
,planting trees game.sb3,18,1,4,1,2,2,2,2,0,4,0,2,0,0,None,Default,13,1,3,1,2,2,2,2,202
,Global Run-2.sb3,29,4,4,4,2,2,2,4,3,4,0,17,7,1,None,Default,18,3,3,3,2,2,2,3,499
,Time Is Fuel.sb3,27,3,4,1,3,4,2,4,2,4,14,0,0,1,None,Default,18,3,3,1,3,3,2,3,828
,Climate Change Game.sb3,24,1,4,4,4,2,2,4,2,1,2,2,1,0,None,Default,17,1,3,3,3,2,2,3,224
,Climate Control_(2).sb3,18,1,1,1,2,2,2,4,2,3,5,1,0,0,None,Default,12,1,1,1,2,2,2,3,195
,Mariam Jenny.sb3,26,1,4,2,3,2,4,4,2,4,0,2,2,1,None,Default,17,1,3,2,3,2,3,3,681
,Capture the CO2.sb3,19,1,1,1,2,2,2,4,2,4,0,0,5,0,None,Default,12,1,1,1,2,2,2,3,113
,Iceberg Mania.sb3,22,1,4,1,3,2,2,4,2,3,0,0,0,0,None,Default,15,1,3,1,3,2,2,3,134
,MaddieMaeveRebeccaAnimationChallenge1.sb3,8,1,1,0,2,1,1,1,0,1,0,3,0,0,None,Default,7,1,1,0,2,1,1,1,25
,Project.sb3,18,1,4,2,3,2,2,1,0,3,0,3,1,0,None,Default,14,1,3,2,3,2,2,1,210
,make the trees dissapear.sb3,23,1,4,1,3,2,3,4,2,3,4,0,0,0,None,Default,16,1,3,1,3,2,3,3,456
,Rising Co2 Level.sb3,20,1,3,4,3,2,2,1,0,4,0,4,2,1,None,Default,15,1,3,3,3,2,2,1,152
,Collect Co2.sb3,23,1,4,1,3,2,2,4,2,4,0,0,0,2,None,Default,15,1,3,1,3,2,2,3,67
,Rebecca and Ava's game.sb3,21,1,3,1,3,2,2,4,2,3,0,1,5,1,None,Default,15,1,3,1,3,2,2,3,96
,Boo teaches Pietro about Climate Change.sb3,15,1,2,2,1,1,2,4,2,0,0,3,1,1,None,Default,12,1,2,2,1,1,2,3,69
,Cloud Chaser.sb3,22,1,4,1,3,2,3,4,2,2,0,0,0,2,None,Default,16,1,3,1,3,2,3,3,334
,Carbon Footprint project.sb3,15,1,4,0,3,1,4,2,0,0,0,0,9,0,None,Default,13,1,3,0,3,1,3,2,211
,Scratch Project Talie and James.sb3,19,1,3,4,0,2,3,4,2,0,11,0,1,5,None,Default,15,1,3,3,0,2,3,3,190
,Cole and Ryan.sb3,26,4,4,1,2,4,4,4,2,1,0,0,8,1,None,Default,18,3,3,1,2,3,3,3,136
,Transportation Pollution.sb3,26,4,4,1,3,3,2,4,2,3,2,0,0,0,None,Default,18,3,3,1,3,3,2,3,290
,save the ice blocks.sb3,19,1,1,1,2,2,2,4,2,4,0,0,5,0,None,Default,12,1,1,1,2,2,2,3,113
,Polluted Park.sb3,23,1,4,1,3,4,2,4,2,2,4,1,1,0,None,Default,16,1,3,1,3,3,2,3,329
,Jocelyn and Hannah's project.sb3,24,2,4,1,3,2,3,4,2,3,0,0,0,2,None,Default,17,2,3,1,3,2,3,3,189
,Avoid the clothes.sb3,12,1,1,1,1,2,2,2,0,2,4,0,2,2,None,Default,10,1,1,1,1,2,2,2,543
,Save the Atmosphere!.sb3,29,1,4,4,4,3,4,4,2,3,7,17,5,2,None,Default,19,1,3,3,3,3,3,3,520
,Pingu Needs Help.sb3,20,3,4,1,3,2,2,4,0,1,0,0,2,1,None,Default,17,3,3,1,3,2,2,3,254
,Cloud Catching.sb3,18,1,1,1,2,2,2,4,2,3,3,8,1,1,None,Default,12,1,1,1,2,2,2,3,200
,Balancing Temperature.sb3,22,1,4,1,3,2,2,4,2,3,0,0,2,13,None,Default,15,1,3,1,3,2,2,3,333
,log jumper.sb3,14,1,1,1,2,2,2,1,0,4,0,0,1,1,None,Default,10,1,1,1,2,2,2,1,89
,Soccer Pong.sb3,24,1,2,4,3,2,2,4,2,4,3,0,0,1,None,Default,16,1,2,3,3,2,2,3,121
,CO2 Killer.sb3,21,3,3,1,1,2,2,4,2,3,0,8,0,2,None,Default,15,3,3,1,1,2,2,3,207
,Penguin Game.sb3,18,1,1,0,1,3,2,4,2,4,0,1,1,3,None,Default,11,1,1,0,1,3,2,3,11
,EcoCash.sb3,29,4,4,4,3,2,4,4,3,1,2,0,1,3,None,Default,20,3,3,3,3,2,3,3,411
,Renewable Energy Defenders.sb3,26,4,3,1,3,3,4,4,2,2,0,7,2,1,None,Default,19,3,3,1,3,3,3,3,148
,Cooking Mama.sb3,30,3,4,4,4,4,2,4,2,3,5,6,40,10,None,Default,20,3,3,3,3,3,2,3,959
,Carbon Emmisions.sb3,18,1,4,1,3,2,2,1,0,4,0,2,1,0,None,Default,13,1,3,1,3,2,2,1,132
,Cycle of Consumerism.sb3,29,3,4,4,4,4,3,4,2,1,0,3,37,0,None,Default,21,3,3,3,3,3,3,3,3440
,Save the Trees!!!.sb3,13,1,2,0,3,3,2,1,0,1,0,0,0,1,None,Default,12,1,2,0,3,3,2,1,38
,Reducing Emissions game.sb3,14,1,0,2,0,2,2,4,3,0,11,11,0,1,None,Default,10,1,0,2,0,2,2,3,168
,Save the Oceans!.sb3,22,1,4,1,3,2,2,4,2,3,0,0,2,1,None,Default,15,1,3,1,3,2,2,3,241
,Carbon Clicker_(2).sb3,24,1,4,1,2,3,3,4,2,4,0,2,0,0,None,Default,16,1,3,1,2,3,3,3,134
,Science Project_(3).sb3,26,1,4,4,3,2,2,4,2,4,0,0,0,0,None,Default,17,1,3,3,3,2,2,3,147
,Save the Animals!.sb3,15,1,1,1,2,2,2,4,0,2,0,0,0,1,None,Default,12,1,1,1,2,2,2,3,63
,Forest Fire Scratch Game Akash Adrien.sb3,27,1,4,4,3,2,3,4,2,4,0,1,1,2,None,Default,18,1,3,3,3,2,3,3,296
,kill the CO2.sb3,21,4,3,1,4,2,1,2,0,4,0,0,3,1,None,Default,15,3,3,1,3,2,1,2,118
,Julian and Zaidian Avoid the Fuels.sb3,26,1,4,2,4,4,2,4,2,3,2,1,3,2,None,Default,17,1,3,2,3,3,2,3,319
,Untitled-3_(2).sb3,21,1,2,1,3,2,2,4,2,4,0,6,5,3,None,Default,14,1,2,1,3,2,2,3,69
,Scratch Climate Change Project.sb3,25,1,4,1,4,4,2,4,2,3,5,3,8,0,None,Default,16,1,3,1,3,3,2,3,576
,Scuba dive to save the world.sb3,19,1,4,1,3,4,2,2,0,2,0,0,9,0,None,Default,15,1,3,1,3,3,2,2,225
,Global Warming Game.sb3,22,1,4,1,3,4,2,4,2,1,0,3,0,1,None,Default,16,1,3,1,3,3,2,3,92
