url,filename,number,backdropNaming1,backdropNaming2,backdropNaming3,backdropNaming4,backdropNaming5
,Carbon Crusher.sb3,1,backdrop1,N/A,N/A,N/A,N/A
,Albedo Pong.sb3,0,N/A,N/A,N/A,N/A,N/A
,Ice Cap Hero!.sb3,0,N/A,N/A,N/A,N/A,N/A
,Pet Earth!.sb3,5,backdrop1,backdrop2,backdrop3,backdrop4,backdrop5
,Adventures of TreeGuy.sb3,1,backdrop1,N/A,N/A,N/A,N/A
,Anjali and Mariana-3.sb3,0,N/A,N/A,N/A,N/A,N/A
,Carbon Clicker.sb3,0,N/A,N/A,N/A,N/A,N/A
,heewon and audrey.sb3,0,N/A,N/A,N/A,N/A,N/A
,Amanda and Joyce-2.sb3,0,N/A,N/A,N/A,N/A,N/A
,Save the Atmosphere!.sb3,2,backdrop1,backdrop2,N/A,N/A,N/A
